impl,method,type,n,seed,certified,levels,max_difference,distance_to_certified,reason
coopgame-rs,nucleolus,1,4,0,true,2,3.789561257387201e-14,3.666667e-14,
coopgame-rs-full,nucleolus,1,4,0,true,2,3.789561257387201e-14,3.666667e-14,
CoopGame,nucleolus,1,4,0,true,2,3.315866100213801e-14,3.333333e-14,
TUGLab,nucleolus,1,4,0,true,2,3.315866100213801e-14,3.333333e-14,
coopgame-rs,prenucleolus,1,4,0,true,2,3.789561257387201e-14,3.666667e-14,
coopgame-rs-full,prenucleolus,1,4,0,true,2,3.789561257387201e-14,3.666667e-14,
CoopGame,prenucleolus,1,4,0,true,2,3.315866100213801e-14,3.333333e-14,
TUGLab,prenucleolus,1,4,0,true,2,3.315866100213801e-14,3.333333e-14,
coopgame-rs,nucleolus,1,4,1,true,2,0e0,0.000000e+00,
coopgame-rs-full,nucleolus,1,4,1,true,2,0e0,0.000000e+00,
CoopGame,nucleolus,1,4,1,true,2,8.952838470577262e-13,9.000000e-13,
TUGLab,nucleolus,1,4,1,true,2,0e0,0.000000e+00,
coopgame-rs,prenucleolus,1,4,1,true,2,0e0,0.000000e+00,
coopgame-rs-full,prenucleolus,1,4,1,true,2,0e0,0.000000e+00,
CoopGame,prenucleolus,1,4,1,true,2,8.952838470577262e-13,9.000000e-13,
TUGLab,prenucleolus,1,4,1,true,2,0e0,0.000000e+00,
coopgame-rs,nucleolus,1,4,2,true,2,9.473903143468002e-15,6.666667e-15,
coopgame-rs-full,nucleolus,1,4,2,true,2,9.473903143468002e-15,6.666667e-15,
CoopGame,nucleolus,1,4,2,true,2,6.631732200427602e-14,6.666667e-14,
TUGLab,nucleolus,1,4,2,true,2,4.7369515717340014e-14,3.333333e-14,
coopgame-rs,prenucleolus,1,4,2,true,2,9.473903143468002e-15,6.666667e-15,
coopgame-rs-full,prenucleolus,1,4,2,true,2,9.473903143468002e-15,6.666667e-15,
CoopGame,prenucleolus,1,4,2,true,2,6.631732200427602e-14,6.666667e-14,
TUGLab,prenucleolus,1,4,2,true,2,4.7369515717340014e-14,3.333333e-14,
coopgame-rs,nucleolus,1,5,0,true,3,1.8947806286936004e-14,2.333333e-14,
coopgame-rs-full,nucleolus,1,5,0,true,3,1.8947806286936004e-14,2.333333e-14,
CoopGame,nucleolus,1,5,0,true,3,1.6579330501069003e-13,1.666667e-13,
TUGLab,nucleolus,1,5,0,true,3,6.631732200427602e-14,6.666667e-14,
coopgame-rs,prenucleolus,1,5,0,true,3,1.8947806286936004e-14,2.333333e-14,
coopgame-rs-full,prenucleolus,1,5,0,true,3,1.8947806286936004e-14,2.333333e-14,
CoopGame,prenucleolus,1,5,0,true,3,1.6579330501069003e-13,1.666667e-13,
TUGLab,prenucleolus,1,5,0,true,3,4.7369515717340014e-14,3.333333e-14,
coopgame-rs,nucleolus,1,5,1,true,1,1.0150610510858574e-14,7.142857e-15,
coopgame-rs-full,nucleolus,1,5,1,true,1,2.4361465226060576e-14,2.714286e-14,
CoopGame,nucleolus,1,5,1,true,1,4.669280834994944e-14,4.285714e-14,
TUGLab,nucleolus,1,5,1,true,1,4.669280834994944e-14,4.285714e-14,
coopgame-rs,prenucleolus,1,5,1,true,1,8.120488408686859e-15,5.714286e-15,
coopgame-rs-full,prenucleolus,1,5,1,true,1,2.4361465226060576e-14,2.714286e-14,
CoopGame,prenucleolus,1,5,1,true,1,4.669280834994944e-14,4.285714e-14,
TUGLab,prenucleolus,1,5,1,true,1,1.1977720402813118e-13,1.142857e-13,
coopgame-rs,nucleolus,1,5,2,true,3,9.473903143468002e-15,6.666667e-15,
coopgame-rs-full,nucleolus,1,5,2,true,3,9.473903143468002e-15,6.666667e-15,
CoopGame,nucleolus,1,5,2,true,3,2.984279490192421e-13,3.000000e-13,
TUGLab,nucleolus,1,5,2,true,3,3.315866100213801e-14,3.333333e-14,
coopgame-rs,prenucleolus,1,5,2,true,3,9.473903143468002e-15,6.666667e-15,
coopgame-rs-full,prenucleolus,1,5,2,true,3,9.473903143468002e-15,6.666667e-15,
CoopGame,prenucleolus,1,5,2,true,3,2.984279490192421e-13,3.000000e-13,
TUGLab,prenucleolus,1,5,2,true,3,6.631732200427602e-14,6.666667e-14,
coopgame-rs,nucleolus,1,6,0,true,2,8.526512829121202e-14,8.500000e-14,
coopgame-rs-full,nucleolus,1,6,0,true,2,3.315866100213801e-14,3.333333e-14,
CoopGame,nucleolus,1,6,0,true,2,9.947598300641403e-14,1.000000e-13,
TUGLab,nucleolus,1,6,0,true,2,1.436875310092647e-13,1.444444e-13,
coopgame-rs,prenucleolus,1,6,0,true,2,5.684341886080802e-14,6.000000e-14,
coopgame-rs-full,prenucleolus,1,6,0,true,2,3.315866100213801e-14,3.333333e-14,
CoopGame,prenucleolus,1,6,0,true,2,9.947598300641403e-14,1.000000e-13,
TUGLab,prenucleolus,1,6,0,true,2,2.3211062701496604e-13,2.333333e-13,
coopgame-rs,nucleolus,1,6,1,true,2,2.842170943040401e-14,3.000000e-14,
coopgame-rs-full,nucleolus,1,6,1,true,2,2.842170943040401e-14,3.000000e-14,
CoopGame,nucleolus,1,6,1,true,2,9.947598300641403e-14,1.000000e-13,
TUGLab,nucleolus,1,6,1,true,2,0e0,0.000000e+00,
coopgame-rs,prenucleolus,1,6,1,true,2,2.842170943040401e-14,3.000000e-14,
coopgame-rs-full,prenucleolus,1,6,1,true,2,2.842170943040401e-14,3.000000e-14,
CoopGame,prenucleolus,1,6,1,true,2,9.947598300641403e-14,1.000000e-13,
TUGLab,prenucleolus,1,6,1,true,2,9.947598300641403e-14,1.000000e-13,
coopgame-rs,nucleolus,1,6,2,true,1,4.263256414560601e-14,4.000000e-14,
coopgame-rs-full,nucleolus,1,6,2,true,1,2.842170943040401e-14,3.000000e-14,
CoopGame,nucleolus,1,6,2,true,1,0e0,0.000000e+00,
TUGLab,nucleolus,1,6,2,true,1,0e0,0.000000e+00,
coopgame-rs,prenucleolus,1,6,2,true,1,2.842170943040401e-14,3.000000e-14,
coopgame-rs-full,prenucleolus,1,6,2,true,1,1.4210854715202004e-14,1.000000e-14,
CoopGame,prenucleolus,1,6,2,true,1,0e0,0.000000e+00,
TUGLab,prenucleolus,1,6,2,true,1,2.984279490192421e-13,3.000000e-13,
coopgame-rs,nucleolus,1,7,0,true,1,9.000207986294602e-14,9.333333e-14,
coopgame-rs-full,nucleolus,1,7,0,true,1,3.789561257387201e-14,3.666667e-14,
CoopGame,nucleolus,1,7,0,true,1,6.631732200427602e-14,6.666667e-14,
TUGLab,nucleolus,1,7,0,true,1,6.631732200427602e-14,6.666667e-14,
coopgame-rs,prenucleolus,1,7,0,true,1,8.052817671947803e-14,7.666667e-14,
coopgame-rs-full,prenucleolus,1,7,0,true,1,3.789561257387201e-14,3.666667e-14,
CoopGame,prenucleolus,1,7,0,true,1,6.631732200427602e-14,6.666667e-14,
TUGLab,prenucleolus,1,7,0,true,1,4.310625930277941e-13,4.333333e-13,
coopgame-rs,nucleolus,1,7,1,true,3,3.694822225952521e-14,4.000000e-14,
coopgame-rs-full,nucleolus,1,7,1,true,3,5.968558980384842e-14,6.000000e-14,
CoopGame,nucleolus,1,7,1,true,3,1.0231815394945443e-13,1.000000e-13,
TUGLab,nucleolus,1,7,1,true,3,9.379164112033322e-14,1.000000e-13,
coopgame-rs,prenucleolus,1,7,1,true,3,4.5474735088646414e-14,5.000000e-14,
coopgame-rs-full,prenucleolus,1,7,1,true,3,5.968558980384842e-14,6.000000e-14,
CoopGame,prenucleolus,1,7,1,true,3,1.0231815394945443e-13,1.000000e-13,
TUGLab,prenucleolus,1,7,1,true,3,3.0127011996228247e-13,3.000000e-13,
coopgame-rs,nucleolus,1,7,2,true,3,5.684341886080802e-14,6.000000e-14,
coopgame-rs-full,nucleolus,1,7,2,true,3,1.8947806286936004e-14,2.333333e-14,
CoopGame,nucleolus,1,7,2,true,3,1.3263464400855204e-13,1.333333e-13,
TUGLab,nucleolus,1,7,2,true,3,4.642212540299321e-13,4.666667e-13,
coopgame-rs,prenucleolus,1,7,2,true,3,5.684341886080802e-14,6.000000e-14,
coopgame-rs-full,prenucleolus,1,7,2,true,3,1.8947806286936004e-14,2.333333e-14,
CoopGame,prenucleolus,1,7,2,true,3,1.3263464400855204e-13,1.333333e-13,
TUGLab,prenucleolus,1,7,2,true,3,2.3211062701496604e-13,2.333333e-13,
coopgame-rs,nucleolus,1,8,0,true,1,7.751375299201092e-15,8.181818e-15,
coopgame-rs-full,nucleolus,1,8,0,true,1,2.7129813547203826e-14,2.545455e-14,
CoopGame,nucleolus,1,8,0,true,1,1.6988430864082396e-13,1.727273e-13,
TUGLab,nucleolus,1,8,0,true,1,4.844609562000683e-14,4.545455e-14,
coopgame-rs,prenucleolus,1,8,0,true,1,7.622185710881074e-14,7.818182e-14,
coopgame-rs-full,prenucleolus,1,8,0,true,1,7.363806534241038e-14,7.409091e-14,
CoopGame,prenucleolus,1,8,0,true,1,1.6988430864082396e-13,1.727273e-13,
TUGLab,prenucleolus,1,8,0,true,1,8.978676388241266e-14,9.090909e-14,
coopgame-rs,nucleolus,1,8,1,true,1,9.043271182401275e-14,8.818182e-14,
coopgame-rs-full,nucleolus,1,8,1,true,1,4.392446002880619e-14,4.454545e-14,
CoopGame,nucleolus,1,8,1,true,1,3.785254937776534e-13,3.818182e-13,
TUGLab,nucleolus,1,8,1,true,1,5.81353147440082e-14,5.454545e-14,
coopgame-rs,prenucleolus,1,8,1,true,1,9.043271182401275e-14,8.818182e-14,
coopgame-rs-full,prenucleolus,1,8,1,true,1,4.392446002880619e-14,4.454545e-14,
CoopGame,prenucleolus,1,8,1,true,1,3.785254937776534e-13,3.818182e-13,
TUGLab,prenucleolus,1,8,1,true,1,1.0748573748225516e-12,1.081818e-12,
coopgame-rs,nucleolus,1,8,2,true,3,8.842309600570136e-14,8.888889e-14,
coopgame-rs-full,nucleolus,1,8,2,true,3,7.579122514774402e-14,7.333333e-14,
CoopGame,nucleolus,1,8,2,true,3,4.863270280313574e-13,4.888889e-13,
TUGLab,nucleolus,1,8,2,true,3,5.26327952414889e-14,5.185185e-14,
coopgame-rs,prenucleolus,1,8,2,true,3,8.842309600570136e-14,8.888889e-14,
coopgame-rs-full,prenucleolus,1,8,2,true,3,3.789561257387201e-14,3.666667e-14,
CoopGame,prenucleolus,1,8,2,true,3,4.863270280313574e-13,4.888889e-13,
TUGLab,prenucleolus,1,8,2,true,3,4.4474711979058125e-13,4.518519e-13,
coopgame-rs,nucleolus,1,9,0,true,2,4.06024420434343e-14,3.857143e-14,
coopgame-rs-full,nucleolus,1,9,0,true,2,2.4361465226060576e-14,2.714286e-14,
CoopGame,nucleolus,1,9,0,true,2,4.973799150320701e-13,5.000000e-13,
TUGLab,nucleolus,1,9,0,true,2,7.308439567818174e-14,7.142857e-14,
coopgame-rs,prenucleolus,1,9,0,true,2,1.4616879135636348e-13,1.428571e-13,
coopgame-rs-full,prenucleolus,1,9,0,true,2,2.4361465226060576e-14,2.714286e-14,
CoopGame,prenucleolus,1,9,0,true,2,4.973799150320701e-13,5.000000e-13,
TUGLab,prenucleolus,1,9,0,true,2,2.945707170251158e-12,2.942857e-12,
coopgame-rs,nucleolus,1,9,1,true,4,1.1368683772161603e-13,1.100000e-13,
coopgame-rs-full,nucleolus,1,9,1,true,4,4.263256414560601e-14,4.000000e-14,
CoopGame,nucleolus,1,9,1,true,4,1.9895196601282805e-13,2.000000e-13,
TUGLab,nucleolus,1,9,1,true,4,9.947598300641403e-14,1.000000e-13,
coopgame-rs,prenucleolus,1,9,1,true,4,4.263256414560601e-14,4.000000e-14,
coopgame-rs-full,prenucleolus,1,9,1,true,4,4.263256414560601e-14,4.000000e-14,
CoopGame,prenucleolus,1,9,1,true,4,1.9895196601282805e-13,2.000000e-13,
TUGLab,prenucleolus,1,9,1,true,4,7.958078640513122e-13,8.000000e-13,
coopgame-rs,nucleolus,1,9,2,true,3,2.984279490192421e-13,3.000000e-13,
coopgame-rs-full,nucleolus,1,9,2,true,3,1.7053025658242404e-13,1.700000e-13,
CoopGame,nucleolus,1,9,2,true,3,6.631732200427602e-14,6.666667e-14,
TUGLab,nucleolus,1,9,2,true,3,6.631732200427602e-14,6.666667e-14,
coopgame-rs,prenucleolus,1,9,2,true,3,2.984279490192421e-13,3.000000e-13,
coopgame-rs-full,prenucleolus,1,9,2,true,3,1.7053025658242404e-13,1.700000e-13,
CoopGame,prenucleolus,1,9,2,true,3,6.631732200427602e-14,6.666667e-14,
coopgame-rs,nucleolus,1,10,0,true,2,7.531752999057062e-13,7.500000e-13,
coopgame-rs-full,nucleolus,1,10,0,true,2,1.2789769243681803e-13,1.300000e-13,
CoopGame,nucleolus,1,10,0,true,2,1.6996182239381596e-12,1.700000e-12,
TUGLab,nucleolus,1,10,0,true,2,1.5944578990456649e-12,1.600000e-12,
coopgame-rs,prenucleolus,1,10,0,true,2,3.552713678800501e-13,3.600000e-13,
coopgame-rs-full,prenucleolus,1,10,0,true,2,1.2789769243681803e-13,1.300000e-13,
CoopGame,prenucleolus,1,10,0,true,2,1.6996182239381596e-12,1.700000e-12,
TUGLab,prenucleolus,1,10,0,true,2,6.59383658785373e-12,6.600000e-12,
coopgame-rs,nucleolus,1,10,1,true,2,8.621251860555882e-14,8.666667e-14,
coopgame-rs-full,nucleolus,1,10,1,true,2,4.879060118886022e-13,4.833333e-13,
CoopGame,nucleolus,1,10,1,true,2,5.36222917920289e-13,5.333333e-13,
TUGLab,nucleolus,1,10,1,true,2,1.0516032489249483e-13,1.000000e-13,
coopgame-rs,prenucleolus,1,10,1,true,2,1.6105635343895605e-13,1.633333e-13,
coopgame-rs-full,prenucleolus,1,10,1,true,2,4.879060118886022e-13,4.833333e-13,
CoopGame,prenucleolus,1,10,1,true,2,5.36222917920289e-13,5.333333e-13,
coopgame-rs,nucleolus,1,10,2,true,3,4.2557770173420735e-13,4.242105e-13,
coopgame-rs-full,nucleolus,1,10,2,true,3,1.1443477744346876e-13,1.157895e-13,
CoopGame,nucleolus,1,10,2,true,3,6.163023308066554e-13,6.157895e-13,
TUGLab,nucleolus,1,10,2,true,3,6.417322813496483e-13,6.473684e-13,
coopgame-rs,prenucleolus,1,10,2,true,3,1.1892241577458519e-13,1.205263e-13,
coopgame-rs-full,prenucleolus,1,10,2,true,3,1.1443477744346876e-13,1.157895e-13,
CoopGame,prenucleolus,1,10,2,true,3,6.163023308066554e-13,6.157895e-13,
TUGLab,prenucleolus,1,10,2,true,3,8.259498348419775e-12,8.263158e-12,
coopgame-rs,nucleolus,1,11,0,true,2,1.1619463561253402e-13,1.164706e-13,
coopgame-rs-full,nucleolus,1,11,0,true,2,3.0093574691016007e-13,2.964706e-13,
CoopGame,nucleolus,1,11,0,true,2,2.2486587755231407e-13,2.235294e-13,
TUGLab,nucleolus,1,11,0,true,2,2.038481428474775e-13,2.016807e-13,
coopgame-rs,prenucleolus,1,11,0,true,2,2.2486587755231407e-13,2.235294e-13,
coopgame-rs-full,prenucleolus,1,11,0,true,2,7.881650514313716e-14,8.193277e-14,
CoopGame,prenucleolus,1,11,0,true,2,2.2486587755231407e-13,2.235294e-13,
coopgame-rs,nucleolus,1,11,1,true,1,2.7000623958883807e-13,2.700000e-13,
coopgame-rs-full,nucleolus,1,11,1,true,1,8.526512829121202e-14,9.000000e-14,
CoopGame,nucleolus,1,11,1,true,1,9.947598300641403e-14,1.000000e-13,
TUGLab,nucleolus,1,11,1,true,1,0e0,0.000000e+00,
coopgame-rs,prenucleolus,1,11,1,true,1,2.7000623958883807e-13,2.700000e-13,
coopgame-rs-full,prenucleolus,1,11,1,true,1,8.526512829121202e-14,9.000000e-14,
CoopGame,prenucleolus,1,11,1,true,1,9.947598300641403e-14,1.000000e-13,
coopgame-rs,nucleolus,1,11,2,true,3,9.473903143468003e-14,9.666667e-14,
coopgame-rs-full,nucleolus,1,11,2,true,3,1.7242503721111764e-13,1.733333e-13,
CoopGame,nucleolus,1,11,2,true,3,9.636854277535652e-12,9.633333e-12,
TUGLab,nucleolus,1,11,2,true,3,6.68857561928841e-13,6.666667e-13,
coopgame-rs,prenucleolus,1,11,2,true,3,1.1179205709292242e-13,1.166667e-13,
coopgame-rs-full,prenucleolus,1,11,2,true,3,2.2926845607192565e-13,2.333333e-13,
CoopGame,prenucleolus,1,11,2,true,3,9.636854277535652e-12,9.633333e-12,
coopgame-rs,nucleolus,1,12,0,true,1,1.619376467546275e-13,1.613953e-13,
coopgame-rs-full,nucleolus,1,12,0,true,1,1.2789769243681803e-13,1.300000e-13,
CoopGame,nucleolus,1,12,0,true,1,4.973799150320701e-13,5.000000e-13,
TUGLab,nucleolus,1,12,0,true,1,2.5348198991999855e-13,2.488372e-13,
coopgame-rs,prenucleolus,1,12,0,true,1,2.620745997477951e-13,2.674419e-13,
coopgame-rs-full,prenucleolus,1,12,0,true,1,1.2789769243681803e-13,1.300000e-13,
CoopGame,prenucleolus,1,12,0,true,1,4.973799150320701e-13,5.000000e-13,
coopgame-rs,nucleolus,1,12,1,true,1,5.322194298177267e-13,5.332258e-13,
coopgame-rs-full,nucleolus,1,12,1,true,1,7.389644451905042e-13,7.400000e-13,
CoopGame,nucleolus,1,12,1,true,1,3.070003033151865e-12,3.064516e-12,
TUGLab,nucleolus,1,12,1,true,1,1.4577586449787862e-12,1.461290e-12,
coopgame-rs,prenucleolus,1,12,1,true,1,3.369347811507572e-13,3.393548e-13,
coopgame-rs-full,prenucleolus,1,12,1,true,1,4.831690603168681e-13,4.800000e-13,
CoopGame,prenucleolus,1,12,1,true,1,3.070003033151865e-12,3.064516e-12,
coopgame-rs,nucleolus,1,12,2,true,1,8.359326303060003e-14,8.470588e-14,
coopgame-rs-full,nucleolus,1,12,2,true,1,1.0616344404886203e-13,1.105882e-13,
CoopGame,nucleolus,1,12,2,true,1,3.798477872110465e-12,3.794118e-12,
TUGLab,nucleolus,1,12,2,true,1,2.0095820432556245e-12,2.011765e-12,
coopgame-rs,prenucleolus,1,12,2,true,1,1.1368683772161603e-13,1.100000e-13,
coopgame-rs-full,prenucleolus,1,12,2,true,1,1.0616344404886203e-13,1.105882e-13,
CoopGame,prenucleolus,1,12,2,true,1,3.798477872110465e-12,3.794118e-12,
coopgame-rs,nucleolus,2,4,0,true,4,0e0,0.000000e+00,
coopgame-rs-full,nucleolus,2,4,0,true,4,0e0,0.000000e+00,
CoopGame,nucleolus,2,4,0,true,4,5.995204332975845e-14,6.000000e-14,
TUGLab,nucleolus,2,4,0,true,4,0e0,0.000000e+00,
coopgame-rs,prenucleolus,2,4,0,true,1,9.237055564881303e-15,1.000000e-14,
coopgame-rs-full,prenucleolus,2,4,0,true,1,2.842170943040401e-15,2.000000e-15,
CoopGame,prenucleolus,2,4,0,true,1,2.842170943040401e-15,0.000000e+00,
TUGLab,prenucleolus,2,4,0,true,1,2.842170943040401e-15,0.000000e+00,
coopgame-rs,nucleolus,2,4,1,true,2,1.4210854715202004e-14,1.000000e-14,
coopgame-rs-full,nucleolus,2,4,1,true,2,0e0,0.000000e+00,
CoopGame,nucleolus,2,4,1,true,2,0e0,0.000000e+00,
TUGLab,nucleolus,2,4,1,true,2,0e0,0.000000e+00,
coopgame-rs,prenucleolus,2,4,1,true,2,0e0,0.000000e+00,
coopgame-rs-full,prenucleolus,2,4,1,true,2,0e0,0.000000e+00,
CoopGame,prenucleolus,2,4,1,true,2,0e0,0.000000e+00,
TUGLab,prenucleolus,2,4,1,true,2,0e0,0.000000e+00,
coopgame-rs,nucleolus,2,4,2,true,4,0e0,0.000000e+00,
coopgame-rs-full,nucleolus,2,4,2,true,4,0e0,0.000000e+00,
CoopGame,nucleolus,2,4,2,true,4,0e0,0.000000e+00,
coopgame-rs,prenucleolus,2,4,2,true,3,0e0,0.000000e+00,
coopgame-rs-full,prenucleolus,2,4,2,true,3,0e0,0.000000e+00,
CoopGame,prenucleolus,2,4,2,true,3,0e0,0.000000e+00,
TUGLab,prenucleolus,2,4,2,true,3,0e0,0.000000e+00,
coopgame-rs,nucleolus,2,5,0,true,2,0e0,0.000000e+00,
coopgame-rs-full,nucleolus,2,5,0,true,2,8.881784197001252e-16,1.000000e-15,
CoopGame,nucleolus,2,5,0,true,2,1.1013412404281553e-13,1.100000e-13,
TUGLab,nucleolus,2,5,0,true,2,0e0,0.000000e+00,
coopgame-rs,prenucleolus,2,5,0,true,2,0e0,0.000000e+00,
coopgame-rs-full,prenucleolus,2,5,0,true,2,0e0,0.000000e+00,
CoopGame,prenucleolus,2,5,0,true,2,1.1013412404281553e-13,1.100000e-13,
TUGLab,prenucleolus,2,5,0,true,2,0e0,0.000000e+00,
coopgame-rs,nucleolus,2,5,1,true,3,6.315935428978668e-15,7.777778e-15,
coopgame-rs-full,nucleolus,2,5,1,true,3,6.315935428978668e-15,7.777778e-15,
CoopGame,nucleolus,2,5,1,true,3,2.0842586915629605e-13,2.066667e-13,
TUGLab,nucleolus,2,5,1,true,3,9.473903143468002e-15,6.666667e-15,
coopgame-rs,prenucleolus,2,5,1,true,3,2.210577400142534e-14,2.222222e-14,
coopgame-rs-full,prenucleolus,2,5,1,true,3,2.210577400142534e-14,2.222222e-14,
CoopGame,prenucleolus,2,5,1,true,3,2.0842586915629605e-13,2.066667e-13,
TUGLab,prenucleolus,2,5,1,true,3,1.5000346643824338e-14,1.222222e-14,
coopgame-rs,nucleolus,2,5,2,true,4,0e0,0.000000e+00,
coopgame-rs-full,nucleolus,2,5,2,true,4,0e0,0.000000e+00,
CoopGame,nucleolus,2,5,2,true,4,3.97903932025803e-13,3.979039e-13,
TUGLab,nucleolus,2,5,2,true,4,0e0,0.000000e+00,
coopgame-rs,prenucleolus,2,5,2,true,1,1.1842378929335004e-14,1.333333e-14,
coopgame-rs-full,prenucleolus,2,5,2,true,1,1.1842378929335002e-15,1.333333e-15,
CoopGame,prenucleolus,2,5,2,true,1,2.842170943040401e-14,3.000000e-14,
TUGLab,prenucleolus,2,5,2,true,1,1.0658141036401503e-14,1.000000e-14,
coopgame-rs,nucleolus,2,6,0,true,5,0e0,0.000000e+00,
coopgame-rs-full,nucleolus,2,6,0,true,5,0e0,0.000000e+00,
CoopGame,nucleolus,2,6,0,true,5,2.57155408078806e-13,2.571554e-13,
TUGLab,nucleolus,2,6,0,true,5,0e0,0.000000e+00,
coopgame-rs,prenucleolus,2,6,0,true,2,1.2576606422953773e-13,1.260000e-13,
coopgame-rs-full,prenucleolus,2,6,0,true,2,4.121147867408581e-14,4.000000e-14,
CoopGame,prenucleolus,2,6,0,true,2,3.0020430585864233e-13,3.000000e-13,
TUGLab,prenucleolus,2,6,0,true,2,1.0231815394945443e-13,1.000000e-13,
coopgame-rs,nucleolus,2,6,1,true,3,2.3684757858670005e-15,2.666667e-15,
coopgame-rs-full,nucleolus,2,6,1,true,3,2.3684757858670005e-15,2.666667e-15,
CoopGame,nucleolus,2,6,1,true,3,2.984279490192421e-13,3.000000e-13,
TUGLab,nucleolus,2,6,1,true,3,4.736951571734001e-15,4.333333e-15,
coopgame-rs,prenucleolus,2,6,1,true,3,7.105427357601002e-15,1.000000e-14,
coopgame-rs-full,prenucleolus,2,6,1,true,3,7.105427357601002e-15,1.000000e-14,
CoopGame,prenucleolus,2,6,1,true,3,1.0894988614988203e-13,1.086667e-13,
TUGLab,prenucleolus,2,6,1,true,3,4.263256414560601e-14,4.300000e-14,
coopgame-rs,nucleolus,2,6,2,true,4,0e0,0.000000e+00,
coopgame-rs-full,nucleolus,2,6,2,true,4,0e0,0.000000e+00,
CoopGame,nucleolus,2,6,2,true,4,1.70641278884886e-13,1.706413e-13,
TUGLab,nucleolus,2,6,2,true,4,0e0,0.000000e+00,
coopgame-rs,prenucleolus,2,6,2,true,4,5.2501213253385183e-14,5.277778e-14,
coopgame-rs-full,prenucleolus,2,6,2,true,4,7.579122514774402e-14,7.533333e-14,
CoopGame,prenucleolus,2,6,2,true,4,7.737020900498869e-14,7.777778e-14,
TUGLab,prenucleolus,2,6,2,true,4,2.891514188579297e-14,2.888889e-14,
coopgame-rs,nucleolus,2,7,0,true,3,1.4210854715202004e-14,1.421085e-14,
coopgame-rs-full,nucleolus,2,7,0,true,3,1.4210854715202004e-14,1.421085e-14,
CoopGame,nucleolus,2,7,0,true,3,2.0863311078756e-13,2.086331e-13,
coopgame-rs,prenucleolus,2,7,0,true,2,1.4210854715202004e-14,1.400000e-14,
coopgame-rs-full,prenucleolus,2,7,0,true,2,1.4210854715202004e-14,1.400000e-14,
CoopGame,prenucleolus,2,7,0,true,2,9.947598300641403e-14,1.000000e-13,
TUGLab,prenucleolus,2,7,0,true,2,9.947598300641403e-14,1.000000e-13,
coopgame-rs,nucleolus,2,7,1,true,5,9.789699914916936e-14,9.555556e-14,
coopgame-rs-full,nucleolus,2,7,1,true,5,7.184376550463235e-14,7.222222e-14,
CoopGame,nucleolus,2,7,1,true,5,9.79759483420316e-13,9.777778e-13,
coopgame-rs,prenucleolus,2,7,1,true,4,2.2130445624194786e-13,2.212667e-13,
coopgame-rs-full,prenucleolus,2,7,1,true,4,4.15963559892892e-14,4.333333e-14,
CoopGame,prenucleolus,2,7,1,true,4,7.058057841883662e-13,7.066667e-13,
TUGLab,prenucleolus,2,7,1,true,4,3.363235615931141e-13,3.366667e-13,
coopgame-rs,nucleolus,2,7,2,true,2,1.0658141036401503e-14,1.000000e-14,
coopgame-rs-full,nucleolus,2,7,2,true,2,1.4210854715202004e-14,1.400000e-14,
CoopGame,nucleolus,2,7,2,true,2,8.171241461241152e-14,8.000000e-14,
TUGLab,nucleolus,2,7,2,true,2,0e0,0.000000e+00,
coopgame-rs,prenucleolus,2,7,2,true,2,3.552713678800501e-14,3.600000e-14,
coopgame-rs-full,prenucleolus,2,7,2,true,2,2.842170943040401e-14,3.000000e-14,
CoopGame,prenucleolus,2,7,2,true,2,8.171241461241152e-14,8.000000e-14,
TUGLab,prenucleolus,2,7,2,true,2,1.0658141036401503e-13,1.100000e-13,
coopgame-rs,nucleolus,2,8,0,true,3,4.831690603168681e-14,5.000000e-14,
coopgame-rs-full,nucleolus,2,8,0,true,3,7.673861546209083e-14,8.000000e-14,
CoopGame,nucleolus,2,8,0,true,3,4.988010005035904e-13,5.000000e-13,
TUGLab,nucleolus,2,8,0,true,3,5.684341886080802e-15,0.000000e+00,
coopgame-rs,prenucleolus,2,8,0,true,3,1.2221335055073723e-13,1.200000e-13,
coopgame-rs-full,prenucleolus,2,8,0,true,3,4.831690603168681e-14,5.000000e-14,
CoopGame,prenucleolus,2,8,0,true,3,4.988010005035904e-13,5.000000e-13,
TUGLab,prenucleolus,2,8,0,true,3,1.0004441719502211e-12,1.000000e-12,
coopgame-rs,nucleolus,2,8,1,true,4,5.684341886080802e-14,5.684342e-14,
coopgame-rs-full,nucleolus,2,8,1,true,4,2.2737367544323206e-13,2.273737e-13,
CoopGame,nucleolus,2,8,1,true,4,6.88782364477509e-13,6.887824e-13,
TUGLab,nucleolus,2,8,1,true,4,1.4210854715202005e-15,0.000000e+00,
coopgame-rs,prenucleolus,2,8,1,true,5,4.786814219857517e-14,4.752632e-14,
coopgame-rs-full,prenucleolus,2,8,1,true,5,3.8425403210184366e-14,3.838421e-14,
CoopGame,prenucleolus,2,8,1,true,5,4.691451905321293e-13,4.689474e-13,
TUGLab,prenucleolus,2,8,1,true,5,6.796902222336748e-14,6.736842e-14,
coopgame-rs,nucleolus,2,8,2,true,3,2.2263672387149802e-13,2.226367e-13,
coopgame-rs-full,nucleolus,2,8,2,true,3,2.2737367544323206e-13,2.273737e-13,
CoopGame,nucleolus,2,8,2,true,3,4.35533091073613e-13,4.355331e-13,
TUGLab,nucleolus,2,8,2,true,3,3.315866100213801e-14,3.333333e-14,
coopgame-rs,prenucleolus,2,8,2,true,1,9.018427030801271e-14,9.061538e-14,
coopgame-rs-full,prenucleolus,2,8,2,true,1,7.214741624641017e-14,7.169231e-14,
CoopGame,prenucleolus,2,8,2,true,1,3.170113744160447e-14,3.207692e-14,
TUGLab,prenucleolus,2,8,2,true,1,7.840309598131731e-14,7.838462e-14,
coopgame-rs,nucleolus,2,9,0,true,3,7.247535904753021e-14,7.200000e-14,
coopgame-rs-full,nucleolus,2,9,0,true,3,7.958078640513122e-14,8.000000e-14,
CoopGame,nucleolus,2,9,0,true,3,1.8556267633586e-12,1.855627e-12,
coopgame-rs,prenucleolus,2,9,0,true,4,2.3518964553659317e-13,2.350000e-13,
coopgame-rs-full,prenucleolus,2,9,0,true,4,6.757261417078552e-13,6.760000e-13,
CoopGame,prenucleolus,2,9,0,true,4,1.9801937867214292e-12,1.980000e-12,
TUGLab,prenucleolus,2,9,0,true,4,1.9966250874858816e-13,2.000000e-13,
coopgame-rs,nucleolus,2,9,1,true,4,0e0,0.000000e+00,
coopgame-rs-full,nucleolus,2,9,1,true,4,4.831690603168681e-13,4.830000e-13,
CoopGame,nucleolus,2,9,1,true,4,3.9968028886505635e-13,4.000000e-13,
TUGLab,nucleolus,2,9,1,true,4,0e0,0.000000e+00,
coopgame-rs,prenucleolus,2,9,1,true,1,1.3500311979441904e-13,1.350000e-13,
coopgame-rs-full,prenucleolus,2,9,1,true,1,1.2434497875801753e-14,1.200000e-14,
CoopGame,prenucleolus,2,9,1,true,1,0e0,0.000000e+00,
TUGLab,prenucleolus,2,9,1,true,1,4.014566457044566e-13,4.000000e-13,
coopgame-rs,nucleolus,2,9,2,true,3,1.6816178079655705e-13,1.683333e-13,
coopgame-rs-full,nucleolus,2,9,2,true,3,1.6105635343895605e-13,1.633333e-13,
CoopGame,nucleolus,2,9,2,true,3,6.631732200427601e-13,6.666667e-13,
TUGLab,nucleolus,2,9,2,true,3,3.315866100213801e-14,3.333333e-14,
coopgame-rs,prenucleolus,2,9,2,true,3,5.163277213190062e-13,5.133333e-13,
coopgame-rs-full,prenucleolus,2,9,2,true,3,3.742191741669861e-13,3.733333e-13,
CoopGame,prenucleolus,2,9,2,true,3,6.631732200427601e-13,6.666667e-13,
TUGLab,prenucleolus,2,9,2,true,3,2.652692880171041e-13,2.666667e-13,
coopgame-rs,nucleolus,2,10,0,true,3,1.393885007416884e-13,1.393885e-13,
coopgame-rs-full,nucleolus,2,10,0,true,3,2.423740220870564e-13,2.422222e-13,
CoopGame,nucleolus,2,10,0,true,3,2.57727995323914e-13,2.577280e-13,
coopgame-rs,prenucleolus,2,10,0,true,2,4.440892098500626e-13,4.440000e-13,
coopgame-rs-full,prenucleolus,2,10,0,true,2,1.6697754290362354e-13,1.670000e-13,
CoopGame,prenucleolus,2,10,0,true,2,3.730349362740526e-13,3.730000e-13,
TUGLab,prenucleolus,2,10,0,true,2,1.0954200509634877e-12,1.095333e-12,
coopgame-rs,nucleolus,2,10,1,true,5,5.684341886080802e-14,5.684342e-14,
coopgame-rs-full,nucleolus,2,10,1,true,5,1.4991975914670423e-13,1.499198e-13,
CoopGame,nucleolus,2,10,1,true,5,1.56246444354177e-12,1.562464e-12,
TUGLab,nucleolus,2,10,1,true,5,1.0150610510858574e-14,8.571429e-15,
coopgame-rs,prenucleolus,2,10,1,true,3,1.9705718538413446e-13,1.966667e-13,
coopgame-rs-full,prenucleolus,2,10,1,true,3,8.152293654954216e-13,8.166667e-13,
CoopGame,prenucleolus,2,10,1,true,3,1.5324038334559494e-13,1.533333e-13,
TUGLab,prenucleolus,2,10,1,true,3,1.4653759687159132e-12,1.466667e-12,
coopgame-rs,nucleolus,2,10,2,true,3,5.958408369873983e-13,5.942857e-13,
coopgame-rs-full,nucleolus,2,10,2,true,3,2.2331343123888863e-14,2.571429e-14,
CoopGame,nucleolus,2,10,2,true,3,2.516234839536732e-11,2.516143e-11,
TUGLab,nucleolus,2,10,2,true,3,3.045183153257572e-14,3.142857e-14,
coopgame-rs,prenucleolus,2,10,2,true,3,4.2543746303636e-13,4.250000e-13,
coopgame-rs-full,prenucleolus,2,10,2,true,3,7.18663224168787e-13,7.157143e-13,
CoopGame,prenucleolus,2,10,2,true,3,2.516234839536732e-11,2.516143e-11,
TUGLab,prenucleolus,2,10,2,true,3,9.38931472254418e-13,9.357143e-13,
coopgame-rs,nucleolus,2,11,0,true,3,1.726355683920836e-13,1.759259e-13,
coopgame-rs-full,nucleolus,2,11,0,true,3,2.804012166490321e-13,2.802593e-13,
CoopGame,nucleolus,2,11,0,true,3,9.66509177218271e-12,9.664815e-12,
TUGLab,nucleolus,2,11,0,true,3,5.989612098481437e-13,5.959259e-13,
coopgame-rs,prenucleolus,2,11,0,true,3,4.3448372471849087e-13,4.329630e-13,
coopgame-rs-full,prenucleolus,2,11,0,true,3,1.6526697705827516e-13,1.651852e-13,
CoopGame,prenucleolus,2,11,0,true,3,9.66509177218271e-12,9.664815e-12,
TUGLab,prenucleolus,2,11,0,true,3,1.3434520985390043e-12,1.341481e-12,
coopgame-rs,nucleolus,2,11,1,true,2,7.105427357601002e-15,7.000000e-15,
coopgame-rs-full,nucleolus,2,11,1,true,2,2.1519294283020176e-13,2.154286e-13,
CoopGame,nucleolus,2,11,1,true,2,1.05364288722501e-11,1.053643e-11,
TUGLab,nucleolus,2,11,1,true,2,2.842170943040401e-14,2.800000e-14,
coopgame-rs,prenucleolus,2,11,1,true,3,3.410605131648481e-13,3.400000e-13,
coopgame-rs-full,prenucleolus,2,11,1,true,3,5.222489107836736e-13,5.220000e-13,
CoopGame,prenucleolus,2,11,1,true,3,1.0197275123068216e-11,1.019778e-11,
TUGLab,prenucleolus,2,11,1,true,3,1.0383792591205242e-12,1.037778e-12,
coopgame-rs,nucleolus,2,11,2,true,6,6.917342515782151e-14,6.764706e-14,
coopgame-rs-full,nucleolus,2,11,2,true,6,2.6519962696457855e-13,2.647647e-13,
CoopGame,nucleolus,2,11,2,true,6,1.69768512972846e-11,1.697685e-11,
TUGLab,nucleolus,2,11,2,true,6,9.425140406700153e-14,9.435294e-14,
coopgame-rs,prenucleolus,2,11,2,true,6,3.038496990247159e-12,3.036957e-12,
coopgame-rs-full,prenucleolus,2,11,2,true,6,1.9637238695039465e-12,1.963043e-12,
CoopGame,prenucleolus,2,11,2,true,6,3.958649833056489e-12,3.958957e-12,
TUGLab,prenucleolus,2,11,2,true,6,1.976235600285809e-12,1.975957e-12,
coopgame-rs,nucleolus,2,12,0,true,5,1.1391604505573218e-13,1.122581e-13,
coopgame-rs-full,nucleolus,2,12,0,true,5,2.2405016909854771e-13,2.242581e-13,
CoopGame,nucleolus,2,12,0,true,5,2.892138141877724e-12,2.892258e-12,
TUGLab,nucleolus,2,12,0,true,5,4.74459181620454e-14,4.741935e-14,
coopgame-rs,prenucleolus,2,12,0,true,5,1.774064766059089e-13,1.777419e-13,
coopgame-rs-full,prenucleolus,2,12,0,true,5,2.8089358795935573e-13,2.822581e-13,
CoopGame,prenucleolus,2,12,0,true,5,2.892138141877724e-12,2.892258e-12,
coopgame-rs,nucleolus,2,12,1,true,7,2.2776225350185086e-13,2.277623e-13,
coopgame-rs-full,nucleolus,2,12,1,true,7,3.4103275758923246e-13,3.410328e-13,
CoopGame,nucleolus,2,12,1,true,7,4.2767989150149786e-11,4.276800e-11,
coopgame-rs,prenucleolus,2,12,1,true,1,3.2546548428907444e-13,3.254642e-13,
coopgame-rs-full,prenucleolus,2,12,1,true,1,9.272885489766932e-16,9.290909e-16,
CoopGame,prenucleolus,2,12,1,true,1,4.325104488120726e-13,4.325026e-13,
coopgame-rs,nucleolus,2,12,2,true,4,3.1645147207266903e-13,3.167073e-13,
coopgame-rs-full,nucleolus,2,12,2,true,4,4.77580035139243e-13,4.772927e-13,
CoopGame,nucleolus,2,12,2,true,4,7.146153587577496e-13,7.134146e-13,
TUGLab,nucleolus,2,12,2,true,4,8.405200654723137e-14,8.536585e-14,
coopgame-rs,prenucleolus,2,12,2,true,4,5.573427898059713e-13,5.604878e-13,
coopgame-rs-full,prenucleolus,2,12,2,true,4,1.257400687635953e-12,1.257293e-12,
CoopGame,prenucleolus,2,12,2,true,4,7.146153587577496e-13,7.134146e-13,
coopgame-rs,nucleolus,3,4,0,true,1,8.326672684688674e-17,8.000000e-17,
coopgame-rs-full,nucleolus,3,4,0,true,1,0e0,0.000000e+00,
CoopGame,nucleolus,3,4,0,true,1,0e0,0.000000e+00,
TUGLab,nucleolus,3,4,0,true,1,0e0,0.000000e+00,
coopgame-rs,prenucleolus,3,4,0,true,1,8.326672684688674e-17,8.000000e-17,
coopgame-rs-full,prenucleolus,3,4,0,true,1,0e0,0.000000e+00,
CoopGame,prenucleolus,3,4,0,true,1,0e0,0.000000e+00,
TUGLab,prenucleolus,3,4,0,true,1,0e0,0.000000e+00,
coopgame-rs,nucleolus,3,4,1,true,2,3.700743415417188e-17,3.666667e-17,
coopgame-rs-full,nucleolus,3,4,1,true,2,3.700743415417188e-17,3.666667e-17,
CoopGame,nucleolus,3,4,1,true,2,6.753856733136369e-16,6.666667e-16,
TUGLab,nucleolus,3,4,1,true,2,3.515706244646329e-16,3.333333e-16,
coopgame-rs,prenucleolus,3,4,1,true,2,3.700743415417188e-17,3.666667e-17,
coopgame-rs-full,prenucleolus,3,4,1,true,2,3.700743415417188e-17,3.666667e-17,
CoopGame,prenucleolus,3,4,1,true,2,6.753856733136369e-16,6.666667e-16,
TUGLab,prenucleolus,3,4,1,true,2,3.515706244646329e-16,3.333333e-16,
coopgame-rs,nucleolus,3,4,2,true,1,0e0,0.000000e+00,
coopgame-rs-full,nucleolus,3,4,2,true,1,0e0,0.000000e+00,
CoopGame,nucleolus,3,4,2,true,1,0e0,0.000000e+00,
TUGLab,nucleolus,3,4,2,true,1,0e0,0.000000e+00,
coopgame-rs,prenucleolus,3,4,2,true,1,0e0,0.000000e+00,
coopgame-rs-full,prenucleolus,3,4,2,true,1,0e0,0.000000e+00,
CoopGame,prenucleolus,3,4,2,true,1,0e0,0.000000e+00,
TUGLab,prenucleolus,3,4,2,true,1,0e0,0.000000e+00,
coopgame-rs,nucleolus,3,5,0,true,1,1.2212453270876723e-16,1.200000e-16,
coopgame-rs-full,nucleolus,3,5,0,true,1,3.8857805861880476e-17,4.000000e-17,
CoopGame,nucleolus,3,5,0,true,1,1.1102230246251566e-17,0.000000e+00,
TUGLab,nucleolus,3,5,0,true,1,1.1102230246251566e-17,0.000000e+00,
coopgame-rs,prenucleolus,3,5,0,true,1,1.2212453270876723e-16,1.200000e-16,
coopgame-rs-full,prenucleolus,3,5,0,true,1,3.8857805861880476e-17,4.000000e-17,
CoopGame,prenucleolus,3,5,0,true,1,1.1102230246251566e-17,0.000000e+00,
TUGLab,prenucleolus,3,5,0,true,1,1.1102230246251566e-17,0.000000e+00,
coopgame-rs,nucleolus,3,5,1,true,1,1.2212453270876723e-16,1.200000e-16,
coopgame-rs-full,nucleolus,3,5,1,true,1,1.1102230246251566e-17,0.000000e+00,
CoopGame,nucleolus,3,5,1,true,1,1.1102230246251566e-17,0.000000e+00,
TUGLab,nucleolus,3,5,1,true,1,1.1102230246251566e-17,0.000000e+00,
coopgame-rs,prenucleolus,3,5,1,true,1,1.2212453270876723e-16,1.200000e-16,
coopgame-rs-full,prenucleolus,3,5,1,true,1,1.1102230246251566e-17,0.000000e+00,
CoopGame,prenucleolus,3,5,1,true,1,1.1102230246251566e-17,0.000000e+00,
TUGLab,prenucleolus,3,5,1,true,1,1.1102230246251566e-17,0.000000e+00,
coopgame-rs,nucleolus,3,5,2,true,1,1.2212453270876723e-16,1.200000e-16,
coopgame-rs-full,nucleolus,3,5,2,true,1,1.1102230246251566e-17,0.000000e+00,
CoopGame,nucleolus,3,5,2,true,1,1.1102230246251566e-17,0.000000e+00,
TUGLab,nucleolus,3,5,2,true,1,1.1102230246251566e-17,0.000000e+00,
coopgame-rs,prenucleolus,3,5,2,true,1,1.2212453270876723e-16,1.200000e-16,
coopgame-rs-full,prenucleolus,3,5,2,true,1,1.1102230246251566e-17,0.000000e+00,
CoopGame,prenucleolus,3,5,2,true,1,1.1102230246251566e-17,0.000000e+00,
TUGLab,prenucleolus,3,5,2,true,1,1.1102230246251566e-17,0.000000e+00,
coopgame-rs,nucleolus,3,6,0,true,1,7.401486830834377e-17,7.333333e-17,
coopgame-rs-full,nucleolus,3,6,0,true,1,4.625929269271486e-17,3.333333e-17,
CoopGame,nucleolus,3,6,0,true,1,3.2381504884900397e-16,3.333333e-16,
TUGLab,nucleolus,3,6,0,true,1,3.2381504884900397e-16,3.333333e-16,
coopgame-rs,prenucleolus,3,6,0,true,1,7.401486830834377e-17,7.333333e-17,
coopgame-rs-full,prenucleolus,3,6,0,true,1,4.625929269271486e-17,3.333333e-17,
CoopGame,prenucleolus,3,6,0,true,1,3.2381504884900397e-16,3.333333e-16,
TUGLab,prenucleolus,3,6,0,true,1,6.753856733136369e-16,6.666667e-16,
coopgame-rs,nucleolus,3,6,1,true,1,1.295260195396016e-16,1.333333e-16,
coopgame-rs-full,nucleolus,3,6,1,true,1,1.850371707708594e-17,2.333333e-17,
CoopGame,nucleolus,3,6,1,true,1,3.2381504884900397e-16,3.333333e-16,
TUGLab,nucleolus,3,6,1,true,1,3.2381504884900397e-16,3.333333e-16,
coopgame-rs,prenucleolus,3,6,1,true,1,1.295260195396016e-16,1.333333e-16,
coopgame-rs-full,prenucleolus,3,6,1,true,1,1.850371707708594e-17,2.333333e-17,
CoopGame,prenucleolus,3,6,1,true,1,3.2381504884900397e-16,3.333333e-16,
TUGLab,prenucleolus,3,6,1,true,1,6.753856733136369e-16,6.666667e-16,
coopgame-rs,nucleolus,3,6,2,true,1,1.295260195396016e-16,1.333333e-16,
coopgame-rs-full,nucleolus,3,6,2,true,1,4.625929269271486e-17,3.333333e-17,
CoopGame,nucleolus,3,6,2,true,1,3.2381504884900397e-16,3.333333e-16,
TUGLab,nucleolus,3,6,2,true,1,3.2381504884900397e-16,3.333333e-16,
coopgame-rs,prenucleolus,3,6,2,true,1,2.4054832200211723e-16,2.333333e-16,
coopgame-rs-full,prenucleolus,3,6,2,true,1,4.625929269271486e-17,3.333333e-17,
CoopGame,prenucleolus,3,6,2,true,1,3.2381504884900397e-16,3.333333e-16,
TUGLab,prenucleolus,3,6,2,true,1,6.753856733136369e-16,6.666667e-16,
coopgame-rs,nucleolus,3,7,0,true,1,1.308477136165363e-16,1.428571e-16,
coopgame-rs-full,nucleolus,3,7,0,true,1,6.344131569286608e-17,5.714286e-17,
CoopGame,nucleolus,3,7,0,true,1,1.308477136165363e-16,1.428571e-16,
TUGLab,nucleolus,3,7,0,true,1,1.308477136165363e-16,1.428571e-16,
coopgame-rs,prenucleolus,3,7,0,true,1,1.308477136165363e-16,1.428571e-16,
coopgame-rs-full,prenucleolus,3,7,0,true,1,6.344131569286608e-17,5.714286e-17,
CoopGame,prenucleolus,3,7,0,true,1,1.308477136165363e-16,1.428571e-16,
TUGLab,prenucleolus,3,7,0,true,1,1.308477136165363e-16,1.428571e-16,
coopgame-rs,nucleolus,3,7,1,true,1,1.8635886484779414e-16,1.828571e-16,
coopgame-rs-full,nucleolus,3,7,1,true,1,1.030921380009074e-16,1.028571e-16,
CoopGame,nucleolus,3,7,1,true,1,1.308477136165363e-16,1.428571e-16,
TUGLab,nucleolus,3,7,1,true,1,1.308477136165363e-16,1.428571e-16,
coopgame-rs,prenucleolus,3,7,1,true,1,1.8635886484779414e-16,1.828571e-16,
coopgame-rs-full,prenucleolus,3,7,1,true,1,1.030921380009074e-16,1.028571e-16,
CoopGame,prenucleolus,3,7,1,true,1,1.308477136165363e-16,1.428571e-16,
TUGLab,prenucleolus,3,7,1,true,1,1.308477136165363e-16,1.428571e-16,
coopgame-rs,nucleolus,3,7,2,true,1,1.5860328923216522e-16,1.628571e-16,
coopgame-rs-full,nucleolus,3,7,2,true,1,4.7580986769649563e-17,4.285714e-17,
CoopGame,nucleolus,3,7,2,true,1,1.308477136165363e-16,1.428571e-16,
TUGLab,nucleolus,3,7,2,true,1,1.308477136165363e-16,1.428571e-16,
coopgame-rs,prenucleolus,3,7,2,true,1,1.030921380009074e-16,1.028571e-16,
coopgame-rs-full,prenucleolus,3,7,2,true,1,4.7580986769649563e-17,4.285714e-17,
CoopGame,prenucleolus,3,7,2,true,1,1.308477136165363e-16,1.428571e-16,
TUGLab,prenucleolus,3,7,2,true,1,1.308477136165363e-16,1.428571e-16,
coopgame-rs,nucleolus,3,8,0,true,1,2.7755575615628914e-16,2.800000e-16,
coopgame-rs-full,nucleolus,3,8,0,true,1,5.551115123125783e-17,6.000000e-17,
CoopGame,nucleolus,3,8,0,true,1,0e0,0.000000e+00,
TUGLab,nucleolus,3,8,0,true,1,0e0,0.000000e+00,
coopgame-rs,prenucleolus,3,8,0,true,1,1.6653345369377348e-16,1.700000e-16,
coopgame-rs-full,prenucleolus,3,8,0,true,1,5.551115123125783e-17,6.000000e-17,
CoopGame,prenucleolus,3,8,0,true,1,0e0,0.000000e+00,
TUGLab,prenucleolus,3,8,0,true,1,0e0,0.000000e+00,
coopgame-rs,nucleolus,3,8,1,true,1,3.0531133177191805e-16,3.000000e-16,
coopgame-rs-full,nucleolus,3,8,1,true,1,5.551115123125783e-17,6.000000e-17,
CoopGame,nucleolus,3,8,1,true,1,0e0,0.000000e+00,
TUGLab,nucleolus,3,8,1,true,1,0e0,0.000000e+00,
coopgame-rs,prenucleolus,3,8,1,true,1,2.220446049250313e-16,2.200000e-16,
coopgame-rs-full,prenucleolus,3,8,1,true,1,5.551115123125783e-17,6.000000e-17,
CoopGame,prenucleolus,3,8,1,true,1,0e0,0.000000e+00,
TUGLab,prenucleolus,3,8,1,true,1,0e0,0.000000e+00,
coopgame-rs,nucleolus,3,8,2,true,1,1.942890293094024e-16,2.000000e-16,
coopgame-rs-full,nucleolus,3,8,2,true,1,4.163336342344337e-17,4.000000e-17,
CoopGame,nucleolus,3,8,2,true,1,0e0,0.000000e+00,
TUGLab,nucleolus,3,8,2,true,1,0e0,0.000000e+00,
coopgame-rs,prenucleolus,3,8,2,true,1,8.326672684688674e-17,8.000000e-17,
coopgame-rs-full,prenucleolus,3,8,2,true,1,4.163336342344337e-17,4.000000e-17,
CoopGame,prenucleolus,3,8,2,true,1,0e0,0.000000e+00,
TUGLab,prenucleolus,3,8,2,true,1,0e0,0.000000e+00,
coopgame-rs,nucleolus,3,9,0,true,1,2.1587669923266932e-16,2.188889e-16,
coopgame-rs-full,nucleolus,3,9,0,true,1,6.32210333467103e-17,5.888889e-17,
CoopGame,nucleolus,3,9,0,true,1,1.1719020815487764e-16,1.111111e-16,
TUGLab,nucleolus,3,9,0,true,1,1.1719020815487764e-16,1.111111e-16,
coopgame-rs,prenucleolus,3,9,0,true,1,2.1587669923266932e-16,2.188889e-16,
coopgame-rs-full,prenucleolus,3,9,0,true,1,6.32210333467103e-17,5.888889e-17,
CoopGame,prenucleolus,3,9,0,true,1,1.1719020815487764e-16,1.111111e-16,
TUGLab,prenucleolus,3,9,0,true,1,1.8950890239782184e-15,1.888889e-15,
coopgame-rs,nucleolus,3,9,1,true,1,2.1587669923266932e-16,2.188889e-16,
coopgame-rs-full,nucleolus,3,9,1,true,1,4.7801269115805354e-17,5.111111e-17,
CoopGame,nucleolus,3,9,1,true,1,1.1719020815487764e-16,1.111111e-16,
TUGLab,nucleolus,3,9,1,true,1,1.1719020815487764e-16,1.111111e-16,
coopgame-rs,prenucleolus,3,9,1,true,1,2.1587669923266932e-16,2.188889e-16,
coopgame-rs-full,prenucleolus,3,9,1,true,1,4.7801269115805354e-17,5.111111e-17,
CoopGame,prenucleolus,3,9,1,true,1,1.1719020815487764e-16,1.111111e-16,
TUGLab,prenucleolus,3,9,1,true,1,1.1163909303175185e-15,1.111111e-15,
coopgame-rs,nucleolus,3,9,2,true,1,1.603655480014115e-16,1.588889e-16,
coopgame-rs-full,nucleolus,3,9,2,true,1,4.7801269115805354e-17,5.111111e-17,
CoopGame,nucleolus,3,9,2,true,1,1.1719020815487764e-16,1.111111e-16,
TUGLab,nucleolus,3,9,2,true,1,1.1719020815487764e-16,1.111111e-16,
coopgame-rs,prenucleolus,3,9,2,true,1,1.603655480014115e-16,1.588889e-16,
coopgame-rs-full,prenucleolus,3,9,2,true,1,4.7801269115805354e-17,5.111111e-17,
CoopGame,prenucleolus,3,9,2,true,1,1.1719020815487764e-16,1.111111e-16,
TUGLab,prenucleolus,3,9,2,true,1,2.1155916524801596e-15,2.111111e-15,
coopgame-rs,nucleolus,3,10,0,true,1,3.2474023470285827e-16,3.200000e-16,
coopgame-rs-full,nucleolus,3,10,0,true,1,6.38378239159465e-17,6.000000e-17,
CoopGame,nucleolus,3,10,0,true,1,1.9984014443252818e-16,2.000000e-16,
TUGLab,nucleolus,3,10,0,true,1,5.551115123125783e-18,0.000000e+00,
coopgame-rs,prenucleolus,3,10,0,true,1,3.2474023470285827e-16,3.200000e-16,
coopgame-rs-full,prenucleolus,3,10,0,true,1,6.38378239159465e-17,6.000000e-17,
CoopGame,prenucleolus,3,10,0,true,1,1.9984014443252818e-16,2.000000e-16,
TUGLab,prenucleolus,3,10,0,true,1,3.502753642692369e-15,3.500000e-15,
coopgame-rs,nucleolus,3,10,1,true,1,3.9412917374193055e-16,4.000000e-16,
coopgame-rs-full,nucleolus,3,10,1,true,1,6.38378239159465e-17,6.000000e-17,
CoopGame,nucleolus,3,10,1,true,1,2.0261570199409106e-16,2.000000e-16,
TUGLab,nucleolus,3,10,1,true,1,5.551115123125783e-18,0.000000e+00,
coopgame-rs,prenucleolus,3,10,1,true,1,1.4432899320127036e-16,1.400000e-16,
coopgame-rs-full,prenucleolus,3,10,1,true,1,6.38378239159465e-17,6.000000e-17,
CoopGame,prenucleolus,3,10,1,true,1,2.0261570199409106e-16,2.000000e-16,
TUGLab,prenucleolus,3,10,1,true,1,4.1966430330830914e-15,4.200000e-15,
coopgame-rs,nucleolus,3,10,2,true,1,2.9698465908722935e-16,3.000000e-16,
coopgame-rs-full,nucleolus,3,10,2,true,1,6.106226635438361e-17,6.000000e-17,
CoopGame,nucleolus,3,10,2,true,1,1.0547118733938987e-16,1.000000e-16,
TUGLab,nucleolus,3,10,2,true,1,5.551115123125783e-18,0.000000e+00,
coopgame-rs,prenucleolus,3,10,2,true,1,2.9698465908722935e-16,3.000000e-16,
coopgame-rs-full,prenucleolus,3,10,2,true,1,6.106226635438361e-17,6.000000e-17,
CoopGame,prenucleolus,3,10,2,true,1,1.0547118733938987e-16,1.000000e-16,
TUGLab,prenucleolus,3,10,2,true,1,3.502753642692369e-15,3.500000e-15,
coopgame-rs,nucleolus,3,11,0,true,1,3.494679293422368e-16,3.509091e-16,
coopgame-rs-full,nucleolus,3,11,0,true,1,6.686570489219693e-17,6.909091e-17,
CoopGame,nucleolus,3,11,0,true,1,4.138104000875583e-16,4.090909e-16,
TUGLab,nucleolus,3,11,0,true,1,1.1354553660939102e-17,9.090909e-18,
coopgame-rs,prenucleolus,3,11,0,true,1,3.494679293422368e-16,3.509091e-16,
coopgame-rs-full,prenucleolus,3,11,0,true,1,6.686570489219693e-17,6.909091e-17,
CoopGame,prenucleolus,3,11,0,true,1,4.138104000875583e-16,4.090909e-16,
coopgame-rs,nucleolus,3,11,1,true,1,4.3273465618912354e-16,4.309091e-16,
coopgame-rs-full,nucleolus,3,11,1,true,1,4.4156597570318724e-17,4.090909e-17,
CoopGame,nucleolus,3,11,1,true,1,1.1354553660939102e-17,9.090909e-18,
TUGLab,nucleolus,3,11,1,true,1,1.1354553660939102e-17,9.090909e-18,
coopgame-rs,prenucleolus,3,11,1,true,1,4.3273465618912354e-16,4.309091e-16,
coopgame-rs-full,prenucleolus,3,11,1,true,1,4.4156597570318724e-17,4.090909e-17,
CoopGame,prenucleolus,3,11,1,true,1,1.1354553660939102e-17,9.090909e-18,
TUGLab,prenucleolus,3,11,1,true,1,1.0396986302199903e-14,1.039091e-14,
coopgame-rs,nucleolus,3,11,2,true,1,1.9681226345627775e-16,1.909091e-16,
coopgame-rs-full,nucleolus,3,11,2,true,1,6.686570489219693e-17,6.909091e-17,
CoopGame,nucleolus,3,11,2,true,1,8.57899609937621e-17,9.090909e-17,
TUGLab,nucleolus,3,11,2,true,1,1.1354553660939102e-17,9.090909e-18,
coopgame-rs,prenucleolus,3,11,2,true,1,3.6334571715005125e-16,3.609091e-16,
coopgame-rs-full,prenucleolus,3,11,2,true,1,6.686570489219693e-17,6.909091e-17,
CoopGame,prenucleolus,3,11,2,true,1,8.57899609937621e-17,9.090909e-17,
TUGLab,prenucleolus,3,11,2,true,1,1.6414899742497626e-14,1.640909e-14,
coopgame-rs,nucleolus,3,12,0,true,1,1.7115938296304497e-16,1.733333e-16,
coopgame-rs-full,nucleolus,3,12,0,true,1,9.251858538542972e-17,9.666667e-17,
CoopGame,nucleolus,3,12,0,true,1,5.643633708511212e-16,5.666667e-16,
TUGLab,nucleolus,3,12,0,true,1,6.47630097698008e-17,6.666667e-17,
coopgame-rs,prenucleolus,3,12,0,true,1,3.3769283665681843e-16,3.333333e-16,
coopgame-rs-full,prenucleolus,3,12,0,true,1,9.251858538542972e-17,9.666667e-17,
CoopGame,prenucleolus,3,12,0,true,1,5.643633708511212e-16,5.666667e-16,
TUGLab,prenucleolus,3,12,0,true,1,1.0972704226711963e-14,1.096667e-14,
coopgame-rs,nucleolus,3,12,1,true,1,3.515706244646329e-16,3.533333e-16,
coopgame-rs-full,nucleolus,3,12,1,true,1,3.700743415417188e-17,3.666667e-17,
CoopGame,nucleolus,3,12,1,true,1,1.295260195396016e-16,1.333333e-16,
TUGLab,nucleolus,3,12,1,true,1,6.47630097698008e-17,6.666667e-17,
coopgame-rs,prenucleolus,3,12,1,true,1,2.1279274638648835e-16,2.133333e-16,
coopgame-rs-full,prenucleolus,3,12,1,true,1,3.700743415417188e-17,3.666667e-17,
CoopGame,prenucleolus,3,12,1,true,1,1.295260195396016e-16,1.333333e-16,
coopgame-rs,nucleolus,3,12,2,true,1,1.8503717077085943e-16,1.833333e-16,
coopgame-rs-full,nucleolus,3,12,2,true,1,1.0177044392397268e-16,1.033333e-16,
CoopGame,nucleolus,3,12,2,true,1,6.47630097698008e-17,6.666667e-17,
TUGLab,nucleolus,3,12,2,true,1,6.47630097698008e-17,6.666667e-17,
coopgame-rs,prenucleolus,3,12,2,true,1,1.8503717077085943e-16,1.833333e-16,
coopgame-rs-full,prenucleolus,3,12,2,true,1,1.0177044392397268e-16,1.033333e-16,
CoopGame,prenucleolus,3,12,2,true,1,6.47630097698008e-17,6.666667e-17,
coopgame-rs,nucleolus,4,4,0,true,2,0e0,0.000000e+00,
coopgame-rs-full,nucleolus,4,4,0,true,2,0e0,0.000000e+00,
CoopGame,nucleolus,4,4,0,true,2,9.992007221626409e-16,1.000000e-15,
TUGLab,nucleolus,4,4,0,true,2,0e0,0.000000e+00,
coopgame-rs,prenucleolus,4,4,0,true,2,0e0,0.000000e+00,
coopgame-rs-full,prenucleolus,4,4,0,true,2,5.551115123125783e-17,6.000000e-17,
CoopGame,prenucleolus,4,4,0,true,2,9.992007221626409e-16,1.000000e-15,
TUGLab,prenucleolus,4,4,0,true,2,0e0,0.000000e+00,
coopgame-rs,nucleolus,4,4,1,true,2,0e0,0.000000e+00,
coopgame-rs-full,nucleolus,4,4,1,true,2,0e0,0.000000e+00,
CoopGame,nucleolus,4,4,1,true,2,1.33226762955019e-15,1.332268e-15,
TUGLab,nucleolus,4,4,1,true,2,0e0,0.000000e+00,
coopgame-rs,prenucleolus,4,4,1,true,1,1.4802973661668753e-16,1.666667e-16,
coopgame-rs-full,prenucleolus,4,4,1,true,1,1.4802973661668753e-16,1.666667e-16,
CoopGame,prenucleolus,4,4,1,true,1,3.4046839421838135e-15,3.333333e-15,
TUGLab,prenucleolus,4,4,1,true,1,3.515706244646329e-16,3.333333e-16,
coopgame-rs,nucleolus,4,4,2,true,1,2.590520390792032e-16,2.666667e-16,
coopgame-rs-full,nucleolus,4,4,2,true,1,3.700743415417188e-17,6.666667e-17,
CoopGame,nucleolus,4,4,2,true,1,2.9605947323337506e-16,3.333333e-16,
TUGLab,nucleolus,4,4,2,true,1,2.9605947323337506e-16,3.333333e-16,
coopgame-rs,prenucleolus,4,4,2,true,1,5.10702591327572e-16,5.000000e-16,
coopgame-rs-full,prenucleolus,4,4,2,true,1,8.881784197001253e-17,1.000000e-16,
CoopGame,prenucleolus,4,4,2,true,1,4.4408920985006264e-17,0.000000e+00,
TUGLab,prenucleolus,4,4,2,true,1,4.4408920985006264e-17,0.000000e+00,
coopgame-rs,nucleolus,4,5,0,true,3,8.881784197001253e-17,0.000000e+00,
coopgame-rs-full,nucleolus,4,5,0,true,3,8.881784197001253e-17,0.000000e+00,
CoopGame,nucleolus,4,5,0,true,3,1.0658141036401502e-15,1.000000e-15,
TUGLab,nucleolus,4,5,0,true,3,8.881784197001253e-17,0.000000e+00,
coopgame-rs,prenucleolus,4,5,0,true,3,8.881784197001253e-17,0.000000e+00,
coopgame-rs-full,prenucleolus,4,5,0,true,3,8.881784197001253e-17,0.000000e+00,
CoopGame,prenucleolus,4,5,0,true,3,1.0658141036401502e-15,1.000000e-15,
TUGLab,prenucleolus,4,5,0,true,3,8.881784197001253e-17,0.000000e+00,
coopgame-rs,nucleolus,4,5,1,true,2,5.329070518200751e-16,5.000000e-16,
coopgame-rs-full,nucleolus,4,5,1,true,2,7.993605777301127e-16,8.000000e-16,
CoopGame,nucleolus,4,5,1,true,2,9.992007221626409e-16,1.000000e-15,
TUGLab,nucleolus,4,5,1,true,2,8.881784197001253e-17,0.000000e+00,
coopgame-rs,prenucleolus,4,5,1,true,2,5.329070518200751e-16,5.000000e-16,
coopgame-rs-full,prenucleolus,4,5,1,true,2,7.993605777301127e-16,8.000000e-16,
CoopGame,prenucleolus,4,5,1,true,2,1.0658141036401502e-15,1.000000e-15,
TUGLab,prenucleolus,4,5,1,true,2,8.881784197001253e-17,0.000000e+00,
coopgame-rs,nucleolus,4,5,2,true,2,0e0,0.000000e+00,
coopgame-rs-full,nucleolus,4,5,2,true,2,0e0,0.000000e+00,
CoopGame,nucleolus,4,5,2,true,2,2.9976021664879227e-15,3.000000e-15,
TUGLab,nucleolus,4,5,2,true,2,0e0,0.000000e+00,
coopgame-rs,prenucleolus,4,5,2,true,2,0e0,0.000000e+00,
coopgame-rs-full,prenucleolus,4,5,2,true,2,0e0,0.000000e+00,
CoopGame,prenucleolus,4,5,2,true,2,2.66453525910037e-15,2.664535e-15,
TUGLab,prenucleolus,4,5,2,true,2,5.55111512312578e-16,5.551115e-16,
coopgame-rs,nucleolus,4,6,0,true,2,0e0,0.000000e+00,
coopgame-rs-full,nucleolus,4,6,0,true,2,1.3322676295501878e-15,1.300000e-15,
CoopGame,nucleolus,4,6,0,true,2,1.9984014443252818e-15,2.000000e-15,
TUGLab,nucleolus,4,6,0,true,2,0e0,0.000000e+00,
coopgame-rs,prenucleolus,4,6,0,true,2,1.1102230246251565e-16,1.110223e-16,
coopgame-rs-full,prenucleolus,4,6,0,true,2,0e0,0.000000e+00,
CoopGame,prenucleolus,4,6,0,true,2,1.9984014443252818e-15,2.000000e-15,
TUGLab,prenucleolus,4,6,0,true,2,9.992007221626409e-16,1.000000e-15,
coopgame-rs,nucleolus,4,6,1,true,3,2.9605947323337506e-16,3.333333e-16,
coopgame-rs-full,nucleolus,4,6,1,true,3,6.291263806209221e-16,6.333333e-16,
CoopGame,nucleolus,4,6,1,true,3,3.4046839421838135e-15,3.333333e-15,
TUGLab,nucleolus,4,6,1,true,3,3.515706244646329e-16,3.333333e-16,
coopgame-rs,prenucleolus,4,6,1,true,2,3.806478941571965e-15,3.828571e-15,
coopgame-rs-full,prenucleolus,4,6,1,true,2,1.855658484016333e-15,1.871429e-15,
CoopGame,prenucleolus,4,6,1,true,2,8.405974329304756e-16,8.571429e-16,
TUGLab,prenucleolus,4,6,1,true,2,2.680395588023592e-15,2.714286e-15,
coopgame-rs,nucleolus,4,6,2,true,2,7.401486830834377e-17,6.666667e-17,
coopgame-rs-full,nucleolus,4,6,2,true,2,5.181040781584064e-16,5.333333e-16,
CoopGame,nucleolus,4,6,2,true,2,7.934393882654452e-14,7.933333e-14,
TUGLab,nucleolus,4,6,2,true,2,3.515706244646329e-16,3.333333e-16,
coopgame-rs,prenucleolus,4,6,2,true,2,5.921189464667501e-16,6.666667e-16,
coopgame-rs-full,prenucleolus,4,6,2,true,2,8.141635513917814e-16,7.666667e-16,
CoopGame,prenucleolus,4,6,2,true,2,7.934393882654452e-14,7.933333e-14,
TUGLab,prenucleolus,4,6,2,true,2,1.4062824978585316e-15,1.333333e-15,
coopgame-rs,nucleolus,4,7,0,true,1,4.440892098500626e-16,4.000000e-16,
coopgame-rs-full,nucleolus,4,7,0,true,1,2.220446049250313e-16,2.200000e-16,
CoopGame,nucleolus,4,7,0,true,1,1.1102230246251565e-15,1.000000e-15,
TUGLab,nucleolus,4,7,0,true,1,0e0,0.000000e+00,
coopgame-rs,prenucleolus,4,7,0,true,1,6.661338147750939e-16,7.000000e-16,
coopgame-rs-full,prenucleolus,4,7,0,true,1,4.440892098500626e-16,4.400000e-16,
CoopGame,prenucleolus,4,7,0,true,1,1.1102230246251565e-15,1.000000e-15,
TUGLab,prenucleolus,4,7,0,true,1,1.9984014443252818e-15,2.000000e-15,
coopgame-rs,nucleolus,4,7,1,true,1,4.4408920985006264e-17,4.000000e-17,
coopgame-rs-full,nucleolus,4,7,1,true,1,3.8857805861880476e-17,4.000000e-17,
CoopGame,nucleolus,4,7,1,true,1,1.5010215292932115e-14,1.500000e-14,
TUGLab,nucleolus,4,7,1,true,1,2.2204460492503132e-17,0.000000e+00,
coopgame-rs,prenucleolus,4,7,1,true,1,1.3655743202889426e-15,1.370000e-15,
coopgame-rs-full,prenucleolus,4,7,1,true,1,5.551115123125783e-17,5.551115e-17,
CoopGame,prenucleolus,4,7,1,true,1,1.5010215292932115e-14,1.500000e-14,
TUGLab,prenucleolus,4,7,1,true,1,1.27675647831893e-15,1.276756e-15,
coopgame-rs,nucleolus,4,7,2,true,2,7.401486830834377e-17,6.666667e-17,
coopgame-rs-full,nucleolus,4,7,2,true,2,7.401486830834377e-17,6.666667e-17,
CoopGame,nucleolus,4,7,2,true,2,2.6460315420232896e-15,2.666667e-15,
TUGLab,nucleolus,4,7,2,true,2,3.515706244646329e-16,3.333333e-16,
coopgame-rs,prenucleolus,4,7,2,true,2,8.881784197001252e-16,9.000000e-16,
coopgame-rs-full,prenucleolus,4,7,2,true,2,1.4802973661668755e-15,1.466667e-15,
CoopGame,prenucleolus,4,7,2,true,2,2.6460315420232896e-15,2.666667e-15,
TUGLab,prenucleolus,4,7,2,true,2,3.4046839421838135e-15,3.333333e-15,
coopgame-rs,nucleolus,4,8,0,true,1,3.774758283725532e-16,3.800000e-16,
coopgame-rs-full,nucleolus,4,8,0,true,1,9.992007221626409e-17,1.000000e-16,
CoopGame,nucleolus,4,8,0,true,1,7.216449660063518e-16,7.000000e-16,
TUGLab,nucleolus,4,8,0,true,1,1.1102230246251566e-17,0.000000e+00,
coopgame-rs,prenucleolus,4,8,0,true,1,8.215650382226159e-16,8.200000e-16,
coopgame-rs-full,prenucleolus,4,8,0,true,1,4.4408920985006264e-17,4.000000e-17,
CoopGame,prenucleolus,4,8,0,true,1,7.216449660063518e-16,7.000000e-16,
TUGLab,prenucleolus,4,8,0,true,1,6.999956170261612e-15,7.000000e-15,
coopgame-rs,nucleolus,4,8,1,true,2,1.1102230246251565e-15,1.100000e-15,
coopgame-rs-full,nucleolus,4,8,1,true,2,1.7763568394002505e-15,1.800000e-15,
CoopGame,nucleolus,4,8,1,true,2,1.4988010832439613e-14,1.500000e-14,
coopgame-rs,prenucleolus,4,8,1,true,3,3.972131265881116e-15,3.955556e-15,
coopgame-rs-full,prenucleolus,4,8,1,true,3,7.648203058528857e-16,7.777778e-16,
CoopGame,prenucleolus,4,8,1,true,3,1.867641843647208e-14,1.864444e-14,
TUGLab,prenucleolus,4,8,1,true,3,3.3553406966449175e-15,3.344444e-15,
coopgame-rs,nucleolus,4,8,2,true,2,3.33066907387547e-16,3.330669e-16,
coopgame-rs-full,nucleolus,4,8,2,true,2,1.1102230246251565e-16,1.000000e-16,
CoopGame,nucleolus,4,8,2,true,2,4.796163466380676e-14,4.800000e-14,
TUGLab,nucleolus,4,8,2,true,2,0e0,0.000000e+00,
coopgame-rs,prenucleolus,4,8,2,true,2,5.551115123125783e-17,6.000000e-17,
coopgame-rs-full,prenucleolus,4,8,2,true,2,4.440892098500626e-16,4.440892e-16,
CoopGame,prenucleolus,4,8,2,true,2,4.796163466380676e-14,4.800000e-14,
TUGLab,prenucleolus,4,8,2,true,2,1.33332498481173e-14,1.333325e-14,
coopgame-rs,nucleolus,4,9,0,true,2,9.80697005085555e-16,9.666667e-16,
coopgame-rs-full,nucleolus,4,9,0,true,2,6.291263806209221e-16,6.333333e-16,
CoopGame,nucleolus,4,9,0,true,2,2.5202062658991053e-14,2.520000e-14,
TUGLab,nucleolus,4,9,0,true,2,1.8503717077085943e-16,2.333333e-16,
coopgame-rs,prenucleolus,4,9,0,true,2,3.3676765080296414e-15,3.366667e-15,
coopgame-rs-full,prenucleolus,4,9,0,true,2,1.0362081563168128e-15,1.066667e-15,
CoopGame,prenucleolus,4,9,0,true,2,2.5202062658991053e-14,2.520000e-14,
TUGLab,prenucleolus,4,9,0,true,2,8.141635513917814e-15,8.166667e-15,
coopgame-rs,nucleolus,4,9,1,true,2,9.251858538542972e-17,8.444444e-17,
coopgame-rs-full,nucleolus,4,9,1,true,2,3.700743415417188e-17,6.666667e-17,
CoopGame,nucleolus,4,9,1,true,2,1.3692750637043597e-14,1.366667e-14,
TUGLab,nucleolus,4,9,1,true,2,5.304398895431303e-16,5.555556e-16,
coopgame-rs,prenucleolus,4,9,1,true,2,2.042810365310288e-15,2.040000e-15,
coopgame-rs-full,prenucleolus,4,9,1,true,2,1.9151347174783951e-16,1.915135e-16,
CoopGame,prenucleolus,4,9,1,true,2,1.9984014443252818e-14,2.000000e-14,
TUGLab,prenucleolus,4,9,1,true,2,1.90819582357449e-15,1.908196e-15,
coopgame-rs,nucleolus,4,9,2,true,2,1.1774207340103633e-15,1.184211e-15,
coopgame-rs-full,nucleolus,4,9,2,true,2,3.3423556320294186e-15,3.344211e-15,
CoopGame,nucleolus,4,9,2,true,2,1.390700420319933e-15,1.421053e-15,
TUGLab,nucleolus,4,9,2,true,2,1.355640745858086e-15,1.368421e-15,
coopgame-rs,prenucleolus,4,9,2,true,2,2.0100880024792307e-15,2.014211e-15,
coopgame-rs-full,prenucleolus,4,9,2,true,2,7.654695590836605e-16,7.657895e-16,
CoopGame,prenucleolus,4,9,2,true,2,2.5009234449450896e-15,2.421053e-15,
TUGLab,prenucleolus,4,9,2,true,2,2.4804719681756786e-15,2.473684e-15,
coopgame-rs,nucleolus,4,10,0,true,3,9.246571762235233e-15,9.228571e-15,
coopgame-rs-full,nucleolus,4,10,0,true,3,2.0856332534029725e-15,2.088571e-15,
CoopGame,nucleolus,4,10,0,true,3,8.772347927431058e-14,8.771429e-14,
TUGLab,nucleolus,4,10,0,true,3,2.708151163639221e-15,2.714286e-15,
coopgame-rs,prenucleolus,4,10,0,true,3,1.6351999119836233e-14,1.632857e-14,
coopgame-rs-full,prenucleolus,4,10,0,true,3,7.351262455910857e-15,7.371429e-15,
CoopGame,prenucleolus,4,10,0,true,3,8.772347927431058e-14,8.771429e-14,
TUGLab,prenucleolus,4,10,0,true,3,5.677997754511515e-15,5.714286e-15,
coopgame-rs,nucleolus,4,10,1,true,2,1.9945465032675556e-15,1.995556e-15,
coopgame-rs-full,nucleolus,4,10,1,true,2,2.001485397171463e-15,2.001556e-15,
CoopGame,nucleolus,4,10,1,true,2,2.6737871176389185e-15,2.666667e-15,
TUGLab,nucleolus,4,10,1,true,2,4.625929269271486e-17,4.444444e-17,
coopgame-rs,prenucleolus,4,10,1,true,2,6.894176587637604e-15,6.894444e-15,
coopgame-rs-full,prenucleolus,4,10,1,true,2,2.0431187605949062e-15,2.045556e-15,
CoopGame,prenucleolus,4,10,1,true,2,2.6737871176389185e-15,2.666667e-15,
TUGLab,prenucleolus,4,10,1,true,2,2.1410342634611525e-15,2.144444e-15,
coopgame-rs,nucleolus,4,10,2,true,2,6.646674824784192e-15,6.696226e-15,
coopgame-rs-full,nucleolus,4,10,2,true,2,1.6334941784956547e-14,1.630377e-14,
CoopGame,nucleolus,4,10,2,true,2,1.897015039812343e-14,1.899623e-14,
TUGLab,nucleolus,4,10,2,true,2,3.8124639713543113e-16,3.981132e-16,
coopgame-rs,prenucleolus,4,10,2,true,2,8.756098571571989e-15,8.796226e-15,
coopgame-rs-full,prenucleolus,4,10,2,true,2,1.1753700738059912e-14,1.179623e-14,
CoopGame,prenucleolus,4,10,2,true,2,1.897015039812343e-14,1.899623e-14,
TUGLab,prenucleolus,4,10,2,true,2,8.086822616161164e-15,8.081132e-15,
coopgame-rs,nucleolus,4,11,0,true,1,2.3808115972517244e-15,2.388889e-15,
coopgame-rs-full,nucleolus,4,11,0,true,1,2.837236618486511e-16,3.111111e-16,
CoopGame,nucleolus,4,11,0,true,1,1.9367223874016618e-15,1.888889e-15,
TUGLab,nucleolus,4,11,0,false,0,NaN,1.585798e-01,超過の段から厳密な配分を一意に復元できない
coopgame-rs,prenucleolus,4,11,0,true,1,5.711480671127194e-15,5.688889e-15,
coopgame-rs-full,prenucleolus,4,11,0,true,1,2.713878504639272e-16,2.888889e-16,
CoopGame,prenucleolus,4,11,0,true,1,1.9367223874016618e-15,1.888889e-15,
TUGLab,prenucleolus,4,11,0,true,1,7.08252900771811e-14,7.082529e-14,
coopgame-rs,nucleolus,4,11,1,true,2,2.8337121009480184e-15,2.833712e-15,
coopgame-rs-full,nucleolus,4,11,1,true,2,3.734666896725182e-15,3.734667e-15,
CoopGame,nucleolus,4,11,1,true,2,3.84877315203401e-14,3.848773e-14,
TUGLab,nucleolus,4,11,1,false,0,NaN,2.293708e-01,超過の段から厳密な配分を一意に復元できない
coopgame-rs,prenucleolus,4,11,1,true,1,1.9984014443252818e-15,2.000000e-15,
coopgame-rs-full,prenucleolus,4,11,1,true,1,4.440892098500626e-16,4.000000e-16,
CoopGame,prenucleolus,4,11,1,true,1,4.9960036108132044e-15,5.000000e-15,
TUGLab,prenucleolus,4,11,1,true,1,2.398081733190338e-14,2.400000e-14,
coopgame-rs,nucleolus,4,11,2,true,2,4.342205607422835e-15,4.342222e-15,
coopgame-rs-full,nucleolus,4,11,2,true,2,8.172475042379624e-16,8.222222e-16,
CoopGame,nucleolus,4,11,2,true,2,5.891891912628782e-15,5.888889e-15,
TUGLab,nucleolus,4,11,2,true,2,4.6876083261951055e-16,4.444444e-16,
coopgame-rs,prenucleolus,4,11,2,true,2,1.335968372965605e-14,1.336667e-14,
coopgame-rs-full,prenucleolus,4,11,2,true,2,1.1842378929335002e-15,1.233333e-15,
CoopGame,prenucleolus,4,11,2,true,2,1.310679959626921e-14,1.311111e-14,
TUGLab,prenucleolus,4,11,2,true,2,2.338869838543663e-14,2.333333e-14,
coopgame-rs,nucleolus,4,12,0,true,1,2.532162513856607e-15,2.515385e-15,
coopgame-rs-full,nucleolus,4,12,0,true,1,4.227387670688096e-16,4.153846e-16,
CoopGame,nucleolus,4,12,0,true,1,4.4067313900506215e-15,4.384615e-15,
TUGLab,nucleolus,4,12,0,false,0,NaN,4.408453e-01,超過の段から厳密な配分を一意に復元できない
coopgame-rs,prenucleolus,4,12,0,true,1,9.65040013712636e-16,9.846154e-16,
coopgame-rs-full,prenucleolus,4,12,0,true,1,1.6866849797189877e-15,1.684615e-15,
CoopGame,prenucleolus,4,12,0,true,1,4.4067313900506215e-15,4.384615e-15,
coopgame-rs,nucleolus,4,12,1,true,2,4.532485498032202e-15,4.530000e-15,
coopgame-rs-full,nucleolus,4,12,1,true,2,1.84297022087776e-15,1.800000e-15,
CoopGame,nucleolus,4,12,1,true,2,4.951594689828198e-15,5.000000e-15,
TUGLab,nucleolus,4,12,1,true,2,8.215650382226159e-16,8.000000e-16,
coopgame-rs,prenucleolus,4,12,1,true,2,1.0025313912365163e-14,1.000000e-14,
coopgame-rs-full,prenucleolus,4,12,1,true,2,5.406786129924513e-15,5.400000e-15,
CoopGame,prenucleolus,4,12,1,true,2,4.951594689828198e-15,5.000000e-15,
TUGLab,prenucleolus,4,12,1,true,2,4.403144515663371e-14,4.400000e-14,
coopgame-rs,nucleolus,4,12,2,true,2,5.0039337752748125e-15,5.007143e-15,
coopgame-rs-full,nucleolus,4,12,2,true,2,9.674800643162078e-16,9.714286e-16,
CoopGame,nucleolus,4,12,2,true,2,1.1254489403914443e-13,1.125714e-13,
TUGLab,nucleolus,4,12,2,false,1,0e0,3.571429e+00,超過 12 以上の提携族が平衡でない
coopgame-rs,prenucleolus,4,12,2,true,2,6.502734858518774e-15,6.507143e-15,
coopgame-rs-full,prenucleolus,4,12,2,true,2,6.003134497437453e-15,6.007143e-15,
CoopGame,prenucleolus,4,12,2,true,2,1.1254489403914443e-13,1.125714e-13,
TUGLab,prenucleolus,4,12,2,true,2,1.1727920222272458e-13,1.172857e-13,
coopgame-rs,nucleolus,5,7,0,true,2,4.4408920985006264e-17,4.000000e-17,
coopgame-rs-full,nucleolus,5,7,0,true,2,4.4408920985006264e-17,4.000000e-17,
CoopGame,nucleolus,5,7,0,true,2,1.11022302462516e-16,1.110223e-16,
TUGLab,nucleolus,5,7,0,true,2,1.1102230246251566e-17,0.000000e+00,
coopgame-rs,prenucleolus,5,7,0,true,2,6.661338147750939e-17,7.000000e-17,
coopgame-rs-full,prenucleolus,5,7,0,true,2,4.4408920985006264e-17,4.000000e-17,
CoopGame,prenucleolus,5,7,0,true,2,1.11022302462516e-16,1.110223e-16,
TUGLab,prenucleolus,5,7,0,true,2,1.0103029524088924e-15,1.000000e-15,
coopgame-rs,nucleolus,5,7,1,true,2,4.4408920985006264e-17,4.000000e-17,
coopgame-rs-full,nucleolus,5,7,1,true,2,4.4408920985006264e-17,4.000000e-17,
CoopGame,nucleolus,5,7,1,true,2,1.11022302462516e-16,1.110223e-16,
TUGLab,nucleolus,5,7,1,true,2,1.1102230246251566e-17,0.000000e+00,
coopgame-rs,prenucleolus,5,7,1,true,2,6.661338147750939e-17,7.000000e-17,
coopgame-rs-full,prenucleolus,5,7,1,true,2,4.4408920985006264e-17,4.000000e-17,
CoopGame,prenucleolus,5,7,1,true,2,1.11022302462516e-16,1.110223e-16,
TUGLab,prenucleolus,5,7,1,true,2,1.0103029524088924e-15,1.000000e-15,
coopgame-rs,nucleolus,5,7,2,true,2,4.4408920985006264e-17,4.000000e-17,
coopgame-rs-full,nucleolus,5,7,2,true,2,4.4408920985006264e-17,4.000000e-17,
CoopGame,nucleolus,5,7,2,true,2,1.11022302462516e-16,1.110223e-16,
TUGLab,nucleolus,5,7,2,true,2,1.1102230246251566e-17,0.000000e+00,
coopgame-rs,prenucleolus,5,7,2,true,2,6.661338147750939e-17,7.000000e-17,
coopgame-rs-full,prenucleolus,5,7,2,true,2,4.4408920985006264e-17,4.000000e-17,
CoopGame,prenucleolus,5,7,2,true,2,1.11022302462516e-16,1.110223e-16,
TUGLab,prenucleolus,5,7,2,true,2,1.0103029524088924e-15,1.000000e-15,
coopgame-rs,nucleolus,5,8,0,true,2,4.4408920985006264e-17,4.000000e-17,
coopgame-rs-full,nucleolus,5,8,0,true,2,4.4408920985006264e-17,4.000000e-17,
CoopGame,nucleolus,5,8,0,true,2,1.94289029309403e-16,1.942890e-16,
TUGLab,nucleolus,5,8,0,true,2,1.1102230246251566e-17,0.000000e+00,
coopgame-rs,prenucleolus,5,8,0,true,2,6.661338147750939e-17,7.000000e-17,
coopgame-rs-full,prenucleolus,5,8,0,true,2,4.4408920985006264e-17,4.000000e-17,
CoopGame,prenucleolus,5,8,0,true,2,1.94289029309403e-16,1.942890e-16,
TUGLab,prenucleolus,5,8,0,true,2,1.1102230246251566e-17,0.000000e+00,
coopgame-rs,nucleolus,5,8,1,true,2,4.4408920985006264e-17,4.000000e-17,
coopgame-rs-full,nucleolus,5,8,1,true,2,4.4408920985006264e-17,4.000000e-17,
CoopGame,nucleolus,5,8,1,true,2,1.94289029309403e-16,1.942890e-16,
TUGLab,nucleolus,5,8,1,true,2,1.1102230246251566e-17,0.000000e+00,
coopgame-rs,prenucleolus,5,8,1,true,2,6.661338147750939e-17,7.000000e-17,
coopgame-rs-full,prenucleolus,5,8,1,true,2,4.4408920985006264e-17,4.000000e-17,
CoopGame,prenucleolus,5,8,1,true,2,1.94289029309403e-16,1.942890e-16,
TUGLab,prenucleolus,5,8,1,true,2,1.1102230246251566e-17,0.000000e+00,
coopgame-rs,nucleolus,5,8,2,true,2,4.4408920985006264e-17,4.000000e-17,
coopgame-rs-full,nucleolus,5,8,2,true,2,4.4408920985006264e-17,4.000000e-17,
CoopGame,nucleolus,5,8,2,true,2,1.94289029309403e-16,1.942890e-16,
TUGLab,nucleolus,5,8,2,true,2,1.1102230246251566e-17,0.000000e+00,
coopgame-rs,prenucleolus,5,8,2,true,2,6.661338147750939e-17,7.000000e-17,
coopgame-rs-full,prenucleolus,5,8,2,true,2,4.4408920985006264e-17,4.000000e-17,
CoopGame,prenucleolus,5,8,2,true,2,1.94289029309403e-16,1.942890e-16,
TUGLab,prenucleolus,5,8,2,true,2,1.1102230246251566e-17,0.000000e+00,
coopgame-rs,nucleolus,5,9,0,true,2,4.4408920985006264e-17,4.000000e-17,
coopgame-rs-full,nucleolus,5,9,0,true,2,4.4408920985006264e-17,4.000000e-17,
CoopGame,nucleolus,5,9,0,true,2,8.32667268468867e-17,8.326673e-17,
TUGLab,nucleolus,5,9,0,true,2,1.1102230246251566e-17,0.000000e+00,
coopgame-rs,prenucleolus,5,9,0,true,2,6.661338147750939e-17,7.000000e-17,
coopgame-rs-full,prenucleolus,5,9,0,true,2,4.4408920985006264e-17,4.000000e-17,
CoopGame,prenucleolus,5,9,0,true,2,8.32667268468867e-17,8.326673e-17,
TUGLab,prenucleolus,5,9,0,true,2,1.8503717077086e-17,1.850372e-17,
coopgame-rs,nucleolus,5,9,1,true,2,4.4408920985006264e-17,4.000000e-17,
coopgame-rs-full,nucleolus,5,9,1,true,2,4.4408920985006264e-17,4.000000e-17,
CoopGame,nucleolus,5,9,1,true,2,8.32667268468867e-17,8.326673e-17,
TUGLab,nucleolus,5,9,1,true,2,1.1102230246251566e-17,0.000000e+00,
coopgame-rs,prenucleolus,5,9,1,true,2,6.661338147750939e-17,7.000000e-17,
coopgame-rs-full,prenucleolus,5,9,1,true,2,4.4408920985006264e-17,4.000000e-17,
CoopGame,prenucleolus,5,9,1,true,2,8.32667268468867e-17,8.326673e-17,
TUGLab,prenucleolus,5,9,1,true,2,1.8503717077086e-17,1.850372e-17,
coopgame-rs,nucleolus,5,9,2,true,2,4.4408920985006264e-17,4.000000e-17,
coopgame-rs-full,nucleolus,5,9,2,true,2,4.4408920985006264e-17,4.000000e-17,
CoopGame,nucleolus,5,9,2,true,2,8.32667268468867e-17,8.326673e-17,
TUGLab,nucleolus,5,9,2,true,2,1.1102230246251566e-17,0.000000e+00,
coopgame-rs,prenucleolus,5,9,2,true,2,6.661338147750939e-17,7.000000e-17,
coopgame-rs-full,prenucleolus,5,9,2,true,2,4.4408920985006264e-17,4.000000e-17,
CoopGame,prenucleolus,5,9,2,true,2,8.32667268468867e-17,8.326673e-17,
TUGLab,prenucleolus,5,9,2,true,2,1.8503717077086e-17,1.850372e-17,
coopgame-rs,nucleolus,5,10,0,true,2,4.4408920985006264e-17,4.000000e-17,
coopgame-rs-full,nucleolus,5,10,0,true,2,4.4408920985006264e-17,4.000000e-17,
CoopGame,nucleolus,5,10,0,true,2,1.11022302462516e-16,1.110223e-16,
TUGLab,nucleolus,5,10,0,true,2,1.1102230246251566e-17,0.000000e+00,
coopgame-rs,prenucleolus,5,10,0,true,2,6.661338147750939e-17,7.000000e-17,
coopgame-rs-full,prenucleolus,5,10,0,true,2,4.4408920985006264e-17,4.000000e-17,
CoopGame,prenucleolus,5,10,0,true,2,1.11022302462516e-16,1.110223e-16,
TUGLab,prenucleolus,5,10,0,true,2,2.54672826037626e-15,2.546728e-15,
coopgame-rs,nucleolus,5,10,1,true,2,4.4408920985006264e-17,4.000000e-17,
coopgame-rs-full,nucleolus,5,10,1,true,2,4.4408920985006264e-17,4.000000e-17,
CoopGame,nucleolus,5,10,1,true,2,1.11022302462516e-16,1.110223e-16,
TUGLab,nucleolus,5,10,1,true,2,1.1102230246251566e-17,0.000000e+00,
coopgame-rs,prenucleolus,5,10,1,true,2,6.661338147750939e-17,7.000000e-17,
coopgame-rs-full,prenucleolus,5,10,1,true,2,4.4408920985006264e-17,4.000000e-17,
CoopGame,prenucleolus,5,10,1,true,2,1.11022302462516e-16,1.110223e-16,
TUGLab,prenucleolus,5,10,1,true,2,2.54672826037626e-15,2.546728e-15,
coopgame-rs,nucleolus,5,10,2,true,2,4.4408920985006264e-17,4.000000e-17,
coopgame-rs-full,nucleolus,5,10,2,true,2,4.4408920985006264e-17,4.000000e-17,
CoopGame,nucleolus,5,10,2,true,2,1.11022302462516e-16,1.110223e-16,
TUGLab,nucleolus,5,10,2,true,2,1.1102230246251566e-17,0.000000e+00,
coopgame-rs,prenucleolus,5,10,2,true,2,6.661338147750939e-17,7.000000e-17,
coopgame-rs-full,prenucleolus,5,10,2,true,2,4.4408920985006264e-17,4.000000e-17,
CoopGame,prenucleolus,5,10,2,true,2,1.11022302462516e-16,1.110223e-16,
TUGLab,prenucleolus,5,10,2,true,2,2.54672826037626e-15,2.546728e-15,
coopgame-rs,nucleolus,5,11,0,true,2,4.4408920985006264e-17,4.000000e-17,
coopgame-rs-full,nucleolus,5,11,0,true,2,4.4408920985006264e-17,4.000000e-17,
CoopGame,nucleolus,5,11,0,true,2,2.77555756156289e-17,2.775558e-17,
TUGLab,nucleolus,5,11,0,true,2,1.1102230246251566e-17,0.000000e+00,
coopgame-rs,prenucleolus,5,11,0,true,2,4.4408920985006264e-17,4.000000e-17,
coopgame-rs-full,prenucleolus,5,11,0,true,2,4.4408920985006264e-17,4.000000e-17,
CoopGame,prenucleolus,5,11,0,true,2,2.77555756156289e-17,2.775558e-17,
TUGLab,prenucleolus,5,11,0,true,2,5.82867087928207e-16,5.828671e-16,
coopgame-rs,nucleolus,5,11,1,true,2,4.4408920985006264e-17,4.000000e-17,
coopgame-rs-full,nucleolus,5,11,1,true,2,4.4408920985006264e-17,4.000000e-17,
CoopGame,nucleolus,5,11,1,true,2,2.77555756156289e-17,2.775558e-17,
TUGLab,nucleolus,5,11,1,true,2,1.1102230246251566e-17,0.000000e+00,
coopgame-rs,prenucleolus,5,11,1,true,2,4.4408920985006264e-17,4.000000e-17,
coopgame-rs-full,prenucleolus,5,11,1,true,2,4.4408920985006264e-17,4.000000e-17,
CoopGame,prenucleolus,5,11,1,true,2,2.77555756156289e-17,2.775558e-17,
TUGLab,prenucleolus,5,11,1,true,2,5.82867087928207e-16,5.828671e-16,
coopgame-rs,nucleolus,5,11,2,true,2,4.4408920985006264e-17,4.000000e-17,
coopgame-rs-full,nucleolus,5,11,2,true,2,4.4408920985006264e-17,4.000000e-17,
CoopGame,nucleolus,5,11,2,true,2,2.77555756156289e-17,2.775558e-17,
TUGLab,nucleolus,5,11,2,true,2,1.1102230246251566e-17,0.000000e+00,
coopgame-rs,prenucleolus,5,11,2,true,2,4.4408920985006264e-17,4.000000e-17,
coopgame-rs-full,prenucleolus,5,11,2,true,2,4.4408920985006264e-17,4.000000e-17,
CoopGame,prenucleolus,5,11,2,true,2,2.77555756156289e-17,2.775558e-17,
TUGLab,prenucleolus,5,11,2,true,2,5.82867087928207e-16,5.828671e-16,
coopgame-rs,nucleolus,5,12,0,true,2,4.4408920985006264e-17,4.000000e-17,
coopgame-rs-full,nucleolus,5,12,0,true,2,4.4408920985006264e-17,4.000000e-17,
CoopGame,nucleolus,5,12,0,true,2,1.11022302462516e-16,1.110223e-16,
TUGLab,nucleolus,5,12,0,true,2,1.1102230246251566e-17,0.000000e+00,
coopgame-rs,prenucleolus,5,12,0,true,2,6.661338147750939e-17,7.000000e-17,
coopgame-rs-full,prenucleolus,5,12,0,true,2,4.4408920985006264e-17,4.000000e-17,
CoopGame,prenucleolus,5,12,0,true,2,1.11022302462516e-16,1.110223e-16,
TUGLab,prenucleolus,5,12,0,true,2,2.3566025674092e-14,2.356603e-14,
coopgame-rs,nucleolus,5,12,1,true,2,4.4408920985006264e-17,4.000000e-17,
coopgame-rs-full,nucleolus,5,12,1,true,2,4.4408920985006264e-17,4.000000e-17,
CoopGame,nucleolus,5,12,1,true,2,1.11022302462516e-16,1.110223e-16,
TUGLab,nucleolus,5,12,1,true,2,1.1102230246251566e-17,0.000000e+00,
coopgame-rs,prenucleolus,5,12,1,true,2,6.661338147750939e-17,7.000000e-17,
coopgame-rs-full,prenucleolus,5,12,1,true,2,4.4408920985006264e-17,4.000000e-17,
CoopGame,prenucleolus,5,12,1,true,2,1.11022302462516e-16,1.110223e-16,
TUGLab,prenucleolus,5,12,1,true,2,2.3566025674092e-14,2.356603e-14,
coopgame-rs,nucleolus,5,12,2,true,2,4.4408920985006264e-17,4.000000e-17,
coopgame-rs-full,nucleolus,5,12,2,true,2,4.4408920985006264e-17,4.000000e-17,
CoopGame,nucleolus,5,12,2,true,2,1.11022302462516e-16,1.110223e-16,
TUGLab,nucleolus,5,12,2,true,2,1.1102230246251566e-17,0.000000e+00,
coopgame-rs,prenucleolus,5,12,2,true,2,6.661338147750939e-17,7.000000e-17,
coopgame-rs-full,prenucleolus,5,12,2,true,2,4.4408920985006264e-17,4.000000e-17,
CoopGame,prenucleolus,5,12,2,true,2,1.11022302462516e-16,1.110223e-16,
TUGLab,prenucleolus,5,12,2,true,2,2.3566025674092e-14,2.356603e-14,
coopgame-rs,nucleolus,1,13,0,true,1,7.600710589150502e-12,7.604426e-12,
coopgame-rs-full,nucleolus,1,13,0,true,1,4.100181032582873e-13,4.144262e-13,
CoopGame,nucleolus,1,13,0,true,1,4.232738021647626e-12,4.234426e-12,
TUGLab,nucleolus,1,13,0,true,1,2.8361557910937366e-10,2.836098e-10,
coopgame-rs,prenucleolus,1,13,0,true,1,7.600710589150502e-12,7.604426e-12,
coopgame-rs-full,prenucleolus,1,13,0,true,1,4.100181032582873e-13,4.144262e-13,
CoopGame,prenucleolus,1,13,0,true,1,4.232738021647626e-12,4.234426e-12,
TUGLab,prenucleolus,1,13,0,true,1,1.77666202332938e-10,1.776656e-10,
coopgame-rs,nucleolus,1,14,0,true,1,2.510584333019021e-13,2.466667e-13,
coopgame-rs-full,nucleolus,1,14,0,true,1,1.6032759165868928e-13,1.582051e-13,
CoopGame,nucleolus,1,14,0,true,1,3.811424110795204e-13,3.820513e-13,
TUGLab,nucleolus,1,14,0,true,1,5.980248319340321e-10,5.980256e-10,
coopgame-rs,prenucleolus,1,14,0,true,1,3.2976470557071315e-13,3.305128e-13,
coopgame-rs-full,prenucleolus,1,14,0,true,1,1.6032759165868928e-13,1.582051e-13,
CoopGame,prenucleolus,1,14,0,true,1,3.811424110795204e-13,3.820513e-13,
TUGLab,prenucleolus,1,14,0,true,1,2.0281986916159392e-10,2.028179e-10,
coopgame-rs,nucleolus,1,15,0,true,1,2.9296223566724133e-13,2.915385e-13,
coopgame-rs-full,nucleolus,1,15,0,true,1,4.853553456576684e-13,4.853846e-13,
CoopGame,nucleolus,1,15,0,true,1,6.408876848022024e-11,6.408462e-11,
TUGLab,nucleolus,1,15,0,true,1,4.768775869916471e-9,4.768777e-09,
coopgame-rs,prenucleolus,1,15,0,true,1,6.843073116704965e-13,6.853846e-13,
coopgame-rs-full,prenucleolus,1,15,0,true,1,3.006142343600424e-13,3.053846e-13,
CoopGame,prenucleolus,1,15,0,true,1,6.408876848022024e-11,6.408462e-11,
TUGLab,prenucleolus,1,15,0,true,1,1.1919092038134784e-9,1.191915e-09,
coopgame-rs,nucleolus,1,16,0,true,2,2.3017683619685818e-11,2.301549e-11,
coopgame-rs-full,nucleolus,1,16,0,true,2,9.840957180803794e-12,9.844370e-12,
CoopGame,nucleolus,1,16,0,true,2,1.0286310241178248e-11,1.029188e-11,
TUGLab,nucleolus,1,16,0,true,2,1.4298716807531366e-9,1.429875e-09,
coopgame-rs,prenucleolus,1,16,0,true,2,1.3684615221266513e-12,1.371204e-12,
coopgame-rs-full,prenucleolus,1,16,0,true,2,7.979335213112332e-12,7.974370e-12,
CoopGame,prenucleolus,1,16,0,true,2,1.0286310241178248e-11,1.029188e-11,
TUGLab,prenucleolus,1,16,0,true,2,6.882523135287805e-10,6.882510e-10,
coopgame-rs,nucleolus,1,17,0,true,2,1.6617226113642877e-12,1.663333e-12,
coopgame-rs-full,nucleolus,1,17,0,true,2,1.350978588258537e-12,1.346667e-12,
CoopGame,nucleolus,1,17,0,false,1,3.845051261513228e-11,2.167857e+00,超過 1865/16 以上の提携族が平衡でない
TUGLab,nucleolus,1,17,0,true,2,8.309596343754795e-7,8.309596e-07,
coopgame-rs,prenucleolus,1,17,0,true,2,4.676318591615806e-12,4.676667e-12,
coopgame-rs-full,prenucleolus,1,17,0,true,2,1.350978588258537e-12,1.346667e-12,
CoopGame,prenucleolus,1,17,0,false,1,3.845051261513228e-11,2.167857e+00,超過 1865/16 以上の提携族が平衡でない
coopgame-rs,nucleolus,1,18,0,true,2,2.172678239290331e-11,2.172557e-11,
coopgame-rs-full,nucleolus,1,18,0,true,2,1.646844680322879e-12,1.645568e-12,
CoopGame,nucleolus,1,18,0,false,1,9.715718311717944e-13,1.017478e-01,超過 14947/1602 以上の提携族が平衡でない
TUGLab,nucleolus,1,18,0,true,2,1.2374820745093447e-7,1.237482e-07,
coopgame-rs,prenucleolus,1,18,0,true,2,2.172678239290331e-11,2.172557e-11,
coopgame-rs-full,prenucleolus,1,18,0,true,2,1.646844680322879e-12,1.645568e-12,
CoopGame,prenucleolus,1,18,0,false,1,9.715718311717944e-13,1.017478e-01,超過 14947/1602 以上の提携族が平衡でない
coopgame-rs,nucleolus,2,13,0,true,7,4.018372935986138e-13,4.021429e-13,
coopgame-rs-full,nucleolus,2,13,0,true,7,4.34446129864747e-13,4.357143e-13,
CoopGame,nucleolus,2,13,0,true,7,3.534721721670004e-11,3.534714e-11,
TUGLab,nucleolus,2,13,0,true,7,1.593645850204796e-13,1.571429e-13,
coopgame-rs,prenucleolus,2,13,0,true,4,6.624444582624934e-13,6.615385e-13,
coopgame-rs-full,prenucleolus,2,13,0,true,4,4.957402010264699e-13,4.984615e-13,
CoopGame,prenucleolus,2,13,0,true,4,2.6114700145941382e-11,2.611462e-11,
TUGLab,prenucleolus,2,13,0,true,4,1.7784474747573907e-11,1.778462e-11,
coopgame-rs,nucleolus,2,14,0,true,7,9.65244977963336e-13,9.623077e-13,
coopgame-rs-full,nucleolus,2,14,0,true,7,2.0190345122290845e-12,2.017692e-12,
CoopGame,nucleolus,2,14,0,true,7,1.8436944278969e-11,1.843846e-11,
TUGLab,nucleolus,2,14,0,true,7,4.89454630671669e-12,4.892308e-12,
coopgame-rs,prenucleolus,2,14,0,true,7,9.958529727345405e-13,9.976923e-13,
coopgame-rs-full,prenucleolus,2,14,0,true,7,1.6069197254882266e-12,1.607692e-12,
CoopGame,prenucleolus,2,14,0,true,7,1.8436944278969e-11,1.843846e-11,
TUGLab,prenucleolus,2,14,0,true,7,4.671681844788859e-11,4.671538e-11,
coopgame-rs,nucleolus,2,15,0,true,7,2.936909974475081e-13,2.966667e-13,
coopgame-rs-full,nucleolus,2,15,0,true,7,2.3921605437256705e-13,2.393333e-13,
CoopGame,nucleolus,2,15,0,true,7,3.682979847023186e-13,3.666667e-13,
TUGLab,nucleolus,2,15,0,true,7,1.4593600402198112e-10,1.459333e-10,
coopgame-rs,prenucleolus,2,15,0,true,7,1.5797733491732895e-12,1.576667e-12,
coopgame-rs-full,prenucleolus,2,15,0,true,7,1.5181929787407473e-12,1.518333e-12,
CoopGame,prenucleolus,2,15,0,true,7,3.682979847023186e-13,3.666667e-13,
TUGLab,prenucleolus,2,15,0,true,7,6.853658381563339e-11,6.853333e-11,
coopgame-rs,nucleolus,2,16,0,true,5,2.773360488629949e-12,2.773368e-12,
coopgame-rs-full,nucleolus,2,16,0,true,5,1.1345123670923242e-11,1.134463e-11,
CoopGame,nucleolus,2,16,0,true,5,8.483132325253743e-12,8.484211e-12,
TUGLab,nucleolus,2,16,0,true,5,3.7071206661135206e-7,3.707121e-07,
coopgame-rs,prenucleolus,2,16,0,true,5,3.5859969964229477e-12,3.585632e-12,
coopgame-rs-full,prenucleolus,2,16,0,true,5,1.9304324221019142e-12,1.930632e-12,
CoopGame,prenucleolus,2,16,0,true,5,8.483132325253743e-12,8.484211e-12,
TUGLab,prenucleolus,2,16,0,true,5,2.0914694537647224e-10,2.091474e-10,
coopgame-rs,nucleolus,2,17,0,true,4,2.4596844477340676e-12,2.459396e-12,
coopgame-rs-full,nucleolus,2,17,0,true,4,2.4217441469378207e-12,2.421604e-12,
CoopGame,nucleolus,2,17,0,true,4,2.5431732191858793e-12,2.543396e-12,
TUGLab,nucleolus,2,17,0,false,1,8.696630994418422e-5,7.831058e-01,超過 39354/53 以上の提携族が平衡でない
coopgame-rs,prenucleolus,2,17,0,true,4,2.004300289678762e-12,2.004604e-12,
coopgame-rs-full,prenucleolus,2,17,0,true,4,2.4952115845220726e-12,2.495396e-12,
CoopGame,prenucleolus,2,17,0,true,4,2.5431732191858793e-12,2.543396e-12,
TUGLab,prenucleolus,2,17,0,true,4,4.302875540150915e-10,4.302868e-10,
coopgame-rs,nucleolus,2,18,0,true,2,1.3864109860151075e-11,1.386400e-11,
coopgame-rs-full,nucleolus,2,18,0,true,2,2.9257635630459e-11,2.925731e-11,
CoopGame,nucleolus,2,18,0,true,2,1.6981242622886128e-12,1.699487e-12,
TUGLab,nucleolus,2,18,0,false,0,NaN,6.754692e+01,超過の段から厳密な配分を一意に復元できない
coopgame-rs,prenucleolus,2,18,0,true,2,1.474835296623776e-11,1.474831e-11,
coopgame-rs-full,prenucleolus,2,18,0,true,2,1.9266092994467515e-12,1.926308e-12,
CoopGame,prenucleolus,2,18,0,true,2,1.6981242622886128e-12,1.699487e-12,
TUGLab,prenucleolus,2,18,0,true,2,2.908691953962261e-10,2.908700e-10,
coopgame-rs,nucleolus,4,13,0,true,2,1.4864248265760087e-14,1.487377e-14,
coopgame-rs-full,nucleolus,4,13,0,true,2,1.122599281293109e-14,1.122623e-14,
CoopGame,nucleolus,4,13,0,true,2,6.734139657562425e-15,6.721311e-15,
TUGLab,nucleolus,4,13,0,false,0,NaN,2.499538e-02,超過の段から厳密な配分を一意に復元できない
coopgame-rs,prenucleolus,4,13,0,true,2,1.0337814393230965e-14,1.032623e-14,
coopgame-rs-full,prenucleolus,4,13,0,true,2,1.3198913728822354e-14,1.317377e-14,
CoopGame,prenucleolus,4,13,0,true,2,6.734139657562425e-15,6.721311e-15,
TUGLab,prenucleolus,4,13,0,true,2,3.1540526110728054e-13,3.154098e-13,
coopgame-rs,nucleolus,4,14,0,true,10,1.3322676295501878e-14,1.330000e-14,
coopgame-rs-full,nucleolus,4,14,0,true,10,2.1871393585115584e-14,2.190000e-14,
CoopGame,nucleolus,4,14,0,true,10,1.6568228270822752e-13,1.656667e-13,
TUGLab,nucleolus,4,14,0,false,0,NaN,6.353170e-01,超過の段から厳密な配分を一意に復元できない
coopgame-rs,prenucleolus,4,14,0,true,10,9.103828801926284e-15,9.100000e-15,
coopgame-rs-full,prenucleolus,4,14,0,true,10,2.19824158875781e-14,2.200000e-14,
CoopGame,prenucleolus,4,14,0,true,10,1.6568228270822752e-13,1.656667e-13,
TUGLab,prenucleolus,4,14,0,true,10,7.693475486310793e-13,7.693333e-13,
coopgame-rs,nucleolus,4,15,0,true,4,1.6946444247878388e-14,1.700000e-14,
coopgame-rs-full,nucleolus,4,15,0,true,4,3.8120617773529376e-14,3.810000e-14,
CoopGame,nucleolus,4,15,0,true,4,2.420552647208751e-13,2.420000e-13,
coopgame-rs,prenucleolus,4,15,0,true,4,9.965361869035406e-15,1.000000e-14,
coopgame-rs-full,prenucleolus,4,15,0,true,4,8.166800569142652e-15,8.200000e-15,
CoopGame,prenucleolus,4,15,0,true,4,2.420552647208751e-13,2.420000e-13,
TUGLab,prenucleolus,4,15,0,true,4,4.040030532337369e-12,4.040000e-12,
coopgame-rs,nucleolus,4,16,0,true,1,4.681084579789723e-15,4.676923e-15,
coopgame-rs-full,nucleolus,4,16,0,true,1,5.978123978750843e-17,5.692308e-17,
CoopGame,nucleolus,4,16,0,true,1,5.31626025253204e-15,5.316260e-15,
coopgame-rs,prenucleolus,4,16,0,true,1,1.7948249724060344e-14,1.794692e-14,
coopgame-rs-full,prenucleolus,4,16,0,true,1,5.978123978750843e-17,5.692308e-17,
CoopGame,prenucleolus,4,16,0,true,1,5.31626025253204e-15,5.316260e-15,
TUGLab,prenucleolus,4,16,0,true,1,2.2412200300764724e-13,2.241231e-13,
coopgame-rs,nucleolus,4,17,0,true,1,9.906605450501396e-15,9.911538e-15,
coopgame-rs-full,nucleolus,4,17,0,true,1,3.3007784539817153e-15,3.301538e-15,
CoopGame,nucleolus,4,17,0,true,1,6.759550184544703e-15,6.769231e-15,
coopgame-rs,prenucleolus,4,17,0,true,6,4.447634343589443e-15,4.449352e-15,
coopgame-rs-full,prenucleolus,4,17,0,true,6,3.7192021841936823e-14,3.718138e-14,
CoopGame,prenucleolus,4,17,0,true,6,1.0288666005534345e-14,1.029150e-14,
TUGLab,prenucleolus,4,17,0,true,6,3.06338490337049e-12,3.063384e-12,
coopgame-rs,nucleolus,4,18,0,true,2,1.1416793436562026e-15,1.146667e-15,
coopgame-rs-full,nucleolus,4,18,0,true,2,9.251858538542972e-16,9.666667e-16,
CoopGame,nucleolus,4,18,0,true,2,2.586634610205844e-13,2.586667e-13,
coopgame-rs,prenucleolus,4,18,0,true,2,4.026408835973901e-14,4.023333e-14,
coopgame-rs-full,prenucleolus,4,18,0,true,2,2.416585450267424e-14,2.413333e-14,
CoopGame,prenucleolus,4,18,0,true,2,2.586634610205844e-13,2.586667e-13,
TUGLab,prenucleolus,4,18,0,true,2,4.1133392988020505e-12,4.113333e-12,
