impl,method,type,n,seed,status,seconds,allocation
TUGLab,nucleolus,1,9,2,ok,0.136000,104.6666666666666 84.5000000000000 104.1666666666667 111.6666666666667 84.8333333333333 84.8333333333333 96.0000000000000 86.0000000000000 102.3333333333333
TUGLab,prenucleolus,1,9,2,ok,0.183000,104.6666666666660 84.4999999999989 104.1666666666659 111.6666666666661 84.8333333333353 84.8333333333332 96.0000000000013 86.0000000000007 102.3333333333327
TUGLab,nucleolus,1,10,1,ok,0.120000,88.8000000000000 95.9333333333335 84.2666666666667 97.2666666666667 91.0666666666666 91.6666666666667 89.3333333333334 91.3333333333333 90.5999999999999 81.7333333333333
TUGLab,prenucleolus,1,10,1,ok,0.209000,88.8000000000070 95.9333333333136 84.2666666666610 97.2666666666765 91.0666666666707 91.6666666666527 89.3333333333394 91.3333333333446 90.6000000000149 81.7333333333194
TUGLab,nucleolus,1,11,0,ok,0.163000,101.8781512605040 85.3613445378151 97.7563025210085 83.7857142857142 64.2941176470588 77.4201680672268 92.0924369747899 79.0882352941175 77.8151260504202 100.0294117647059 72.4789915966386
TUGLab,prenucleolus,1,11,0,ok,0.292000,101.8781512604990 85.3613445378051 97.7563025210079 83.7857142857164 64.2941176470652 77.4201680672247 92.0924369747912 79.0882352941240 77.8151260504263 100.0294117647040 72.4789915966362
TUGLab,nucleolus,1,11,1,ok,0.174000,99.625 97.625 98.750 102.000 100.500 98.750 100.125 101.500 102.000 98.375 97.750
TUGLab,prenucleolus,1,11,1,ok,0.229000,99.6249999999997 97.6249999999849 98.7499999999822 102.0000000000160 100.5000000000101 98.7499999999941 100.1250000000032 101.5000000000057 102.0000000000095 98.3749999999888 97.7500000000058
TUGLab,nucleolus,1,11,2,ok,0.176000,90.4333333333332 83.2166666666664 82.5166666666667 74.4666666666664 94.2166666666663 90.5166666666671 79.5166666666669 92.7333333333339 83.6500000000002 96.6500000000000 84.0833333333333
TUGLab,prenucleolus,1,11,2,ok,0.209000,90.4333333333297 83.2166666666778 82.5166666666493 74.4666666666606 94.2166666666540 90.5166666666830 79.5166666666827 92.7333333333345 83.6500000000153 96.6499999999909 84.0833333333222
TUGLab,nucleolus,1,12,0,ok,0.242000,100.2674418604658 91.9302325581382 95.6627906976733 94.6279069767453 97.1627906976747 94.0930232558153 95.5581395348839 103.3023255813959 96.7674418604651 96.9651162790693 98.1627906976741 98.4999999999986
TUGLab,prenucleolus,1,12,0,ok,0.327000,100.2674418604631 91.9302325581567 95.6627906976671 94.6279069767301 97.1627906976694 94.0930232558145 95.5581395348624 103.3023255813992 96.7674418604587 96.9651162790831 98.1627906976643 98.5000000000313
TUGLab,nucleolus,1,12,1,ok,0.251000,82.2258064516155 90.6451612903243 86.5161290322561 95.2903225806416 84.2258064516131 82.5161290322565 90.3548387096737 88.6451612903180 87.2903225806471 95.6451612903233 88.6451612903218 77.9999999999966
TUGLab,prenucleolus,1,12,1,ok,0.313000,82.2258064516298 90.6451612903527 86.5161290322214 95.2903225806176 84.2258064515706 82.5161290322481 90.3548387096998 88.6451612903528 87.2903225806241 95.6451612902964 88.6451612903520 78.0000000000346
TUGLab,nucleolus,1,12,2,ok,0.265000,93.2941176470585 90.7058823529373 78.5294117647071 88.9999999999981 94.9411764705892 87.8823529411754 89.5882352941142 85.4705882352984 93.8235294117647 100.0588235294188 90.3529411764759 96.3529411764670
TUGLab,prenucleolus,1,12,2,ok,0.311000,93.2941176470780 90.7058823529521 78.5294117647263 88.9999999999841 94.9411764705883 87.8823529411859 89.5882352941108 85.4705882353091 93.8235294117414 100.0588235293733 90.3529411764523 96.3529411764982
TUGLab,nucleolus,2,4,2,error:Error in rep(0; dim(A)[2]) : invalid 'times' argument,,
TUGLab,prenucleolus,2,4,2,ok,0.151000,-51.0 43.5 22.5 15.0
TUGLab,nucleolus,2,7,0,error:Error in rep(0; dim(A)[2]) : invalid 'times' argument,,
TUGLab,prenucleolus,2,7,0,ok,0.185000,45.5000000000000 -46.0000000000000 69.9999999999999 60.5000000000000 49.0000000000000 10.5000000000000 46.5000000000000
TUGLab,nucleolus,2,7,1,error:Error in rep(0; dim(A)[2]) : invalid 'times' argument,,
TUGLab,prenucleolus,2,7,1,ok,0.181000,40.74999999999995 55.16666666666667 -12.91666666666678 63.58333333333337 34.08333333333367 -3.58333333333358 68.91666666666674
TUGLab,nucleolus,2,9,0,error:Error in rep(0; dim(A)[2]) : invalid 'times' argument,,
TUGLab,prenucleolus,2,9,0,ok,0.192000,15.2999999999999 18.1500000000001 22.4000000000000 51.8000000000000 -2.7500000000001 30.5500000000002 17.1000000000000 43.8000000000001 24.6499999999999
TUGLab,nucleolus,2,10,0,error:Error in rep(0; dim(A)[2]) : invalid 'times' argument,,
TUGLab,prenucleolus,2,10,0,ok,0.208000,6.037037037037283 26.000000000001091 25.537037037037514 7.037037037036963 12.759259259259132 7.833333333332238 6.351851851852135 0.111111111111598 -3.925925925926961 5.259259259259017
TUGLab,nucleolus,2,12,0,ok,0.222000,34.35483870967744 50.06451612903226 28.25806451612907 53.03225806451616 15.25806451612901 58.06451612903226 48.61290322580648 33.35483870967746 59.77419354838707 55.09677419354838 28.41935483870963 8.70967741935482
TUGLab,prenucleolus,2,12,0,ok,0.377000,34.35483870967985 50.06451612902592 28.25806451612915 53.03225806451934 15.25806451612932 58.06451612903943 48.61290322580650 33.35483870967954 59.77419354838574 55.09677419354637 28.41935483870661 8.70967741935223
TUGLab,nucleolus,2,12,1,error:Error in rep(0; dim(A)[2]) : invalid 'times' argument,,
TUGLab,prenucleolus,2,12,1,ok,0.344000,0.3766233766233973 0.4155844155844307 -0.0129870129870120 -0.4025974025974583 -0.0909090909091061 -1.0519480519480371 2.1558441558441803 2.1168831168830740 -0.5714285714285743 0.1558441558442459 1.7402597402597471 1.1688311688311135
TUGLab,nucleolus,2,12,2,ok,0.203000,55.1158536585365 57.5121951219512 28.3780487804878 25.7560975609756 13.5853658536585 54.9268292682927 58.6829268292683 6.2073170731707 24.1707317073171 58.3414634146341 66.7378048780488 22.5853658536585
TUGLab,prenucleolus,2,12,2,ok,0.415000,55.11585365853473 57.51219512194474 28.37804878048206 25.75609756098464 13.58536585365262 54.92682926829031 58.68292682927513 6.20731707317021 24.17073170730595 58.34146341463695 66.73780487804743 22.58536585367532
TUGLab,nucleolus,3,11,0,ok,0.142000,0.0909090909090909 0.0909090909090909 0.0909090909090909 0.0909090909090909 0.0909090909090909 0.0909090909090909 0.0909090909090909 0.0909090909090909 0.0909090909090909 0.0909090909090909 0.0909090909090909
TUGLab,prenucleolus,3,11,0,ok,0.328000,0.0909090909090969 0.0909090909090906 0.0909090909090891 0.0909090909090914 0.0909090909090913 0.0909090909090862 0.0909090909090969 0.0909090909090824 0.0909090909090890 0.0909090909090851 0.0909090909091010
TUGLab,nucleolus,3,12,1,ok,0.200000,0.0833333333333333 0.0833333333333333 0.0833333333333333 0.0833333333333333 0.0833333333333333 0.0833333333333334 0.0833333333333333 0.0833333333333333 0.0833333333333334 0.0833333333333334 0.0833333333333334 0.0833333333333334
TUGLab,prenucleolus,3,12,1,timeout,,
TUGLab,nucleolus,3,12,2,ok,0.198000,0.0833333333333333 0.0833333333333333 0.0833333333333333 0.0833333333333333 0.0833333333333333 0.0833333333333334 0.0833333333333333 0.0833333333333334 0.0833333333333334 0.0833333333333334 0.0833333333333334 0.0833333333333334
TUGLab,prenucleolus,3,12,2,skipped,,
TUGLab,nucleolus,4,8,1,error:Error in rep(0; dim(A)[2]) : invalid 'times' argument,,
TUGLab,prenucleolus,4,8,1,ok,0.185000,1.1111111111111138 0.2777777777777761 0.7222222222222210 -0.0555555555555569 1.0555555555555589 0.7777777777777758 0.5555555555555569 0.5555555555555545
TUGLab,nucleolus,4,11,0,ok,0.193000,0.888888888888794 0.000000000000000 0.888888888889289 0.000000000000000 0.888888888888761 0.888888888888899 0.888888888888664 0.888888888888870 0.888888888889051 0.888888888889294 0.888888888888822
TUGLab,prenucleolus,4,11,0,ok,0.233000,8.88888888888896e-01 3.90729115729016e-14 8.88888888888896e-01 7.08252900771811e-14 8.88888888888896e-01 8.88888888888894e-01 8.88888888888932e-01 8.88888888888821e-01 8.88888888888847e-01 8.88888888888862e-01 8.88888888888848e-01
TUGLab,nucleolus,4,11,1,ok,0.201000,0.555555555555494 0.000000000000000 0.396825396825302 0.317460317460299 0.793650793650846 0.396825396825397 0.317460317460294 0.793650793650740 0.317460317460322 0.555555555555539 0.555555555555684
TUGLab,prenucleolus,4,11,1,ok,0.301000,0.624999999999999 -0.124999999999989 0.375000000000024 0.374999999999989 0.750000000000011 0.374999999999989 0.250000000000001 0.874999999999999 0.374999999999988 0.624999999999995 0.499999999999994
TUGLab,nucleolus,4,12,0,ok,0.398000,0.384615384438404 0.384615382593902 0.384615384434810 0.384615384741268 0.384615384037829 0.384615384976631 0.384615383999660 0.384615384004843 0.384615384533665 0.769230770948882 0.384615386052522 0.384615385036696
TUGLab,prenucleolus,4,12,0,ok,0.376000,0.384615384615379 0.384615384615386 0.384615384615378 0.384615384615370 0.384615384615382 0.384615384615376 0.384615384615408 0.384615384615376 0.384615384615382 0.769230769230754 0.384615384615381 0.384615384615429
TUGLab,nucleolus,4,12,2,ok,0.494000,0.155989214196493 0.185971112322822 0.513370815929542 0.331758116012289 0.204640343428379 0.505405913984259 0.335556711647400 0.527763578762094 0.330099530926683 0.134816336041953 0.324769264981924 0.498154884012285
TUGLab,prenucleolus,4,12,2,ok,0.374000,1.42857142857052e-01 2.85714285714327e-01 5.71428571428625e-01 2.85714285714242e-01 2.85714285714403e-01 5.71428571428547e-01 2.85714285714319e-01 5.71428571428640e-01 2.85714285714230e-01 -8.58757509547559e-14 2.85714285714321e-01 4.28571428571381e-01
