n,seed,lp_seconds,convex_seconds,relative_difference
8,0,0.0009,0.0031,5.48e-17
8,1,0.0008,0.0023,1.14e-16
8,2,0.0007,0.0027,9.79e-17
10,0,0.0013,0.0068,2.82e-17
10,1,0.0013,0.0068,2.89e-17
10,2,0.0015,0.0052,5.54e-17
12,0,0.0032,0.0152,2.82e-17
12,1,0.0035,0.0223,5.67e-17
12,2,0.0033,0.0118,2.77e-17
14,0,0.0062,0.0251,6.97e-17
14,1,0.0061,0.0210,5.61e-17
14,2,0.0080,0.0208,9.71e-17
16,0,0.0226,0.0597,7.64e-17
16,1,0.0292,0.0411,4.86e-17
16,2,0.0212,0.0340,4.16e-17
18,0,0.0863,0.0679,3.47e-17
18,1,0.0847,0.0645,6.23e-17
18,2,0.0832,0.0352,6.59e-12
20,0,0.3533,0.1136,5.55e-17
20,1,0.3444,0.1050,3.60e-16
20,2,0.3403,0.0711,7.84e-10
