kind,n,seed,seconds,sweeps,transfers,minimizations,evaluations,max_error,pair_check
bankruptcy,10,0,0.000,1,0,90,2322,0.00e0,
bankruptcy,10,1,0.018,18,185,1620,81796,1.20e-7,
bankruptcy,10,2,0.013,12,68,1080,50272,8.94e-8,
bankruptcy,20,0,0.305,20,347,7600,1399522,2.44e-7,
bankruptcy,20,1,0.600,56,8555,21280,3185320,4.98e-8,
bankruptcy,20,2,0.215,18,214,6840,1136394,2.49e-7,
bankruptcy,30,0,0.446,6,198,5220,1802820,8.53e-13,
bankruptcy,30,1,5.075,56,9679,48720,18926040,4.44e-14,
bankruptcy,30,2,5.192,53,8959,46110,17976638,5.68e-14,
bankruptcy,40,0,17.499,62,19628,96720,54317324,5.78e-7,
bankruptcy,40,1,16.778,61,19080,95160,54181320,2.09e-7,
bankruptcy,40,2,9.133,39,2463,60840,30737860,5.56e-7,
