type,n,seconds,lp_solves,levels,matches_certified
1,3,0.001,5,2,true
2,3,0.001,5,2,true
4,3,0.001,3,1,true
1,4,0.010,8,2,true
2,4,0.008,7,2,true
4,4,0.003,7,2,true
1,5,0.026,7,1,true
2,5,0.026,11,3,true
4,5,0.016,8,2,true
1,6,0.165,12,2,true
2,6,0.053,12,3,true
4,6,0.256,15,3,true
1,7,0.622,13,3,true
2,7,0.930,15,3,true
4,7,0.075,9,1,true
1,8,1.832,9,1,true
2,8,0.386,14,3,true
4,8,2.475,13,2,true
1,9,22.984,20,3,true
2,9,4.635,14,3,true
4,9,4.703,16,2,true
1,10,153.419,15,2,true
2,10,96.627,16,3,true
4,10,76.358,13,2,true
