kind,n,seed,seconds,levels,lp_solves,rows_added,max_error
bankruptcy,10,0,0.0009,1,10,0,1.7763568394002505e-15
bankruptcy,10,1,0.0042,6,40,0,7.105427357601002e-15
bankruptcy,10,2,0.0049,7,45,0,1.4210854715202004e-14
bankruptcy,20,0,0.0438,12,129,0,8.526512829121202e-14
bankruptcy,20,1,0.0079,2,38,0,3.552713678800501e-15
bankruptcy,20,2,0.0448,14,165,0,6.217248937900877e-14
bankruptcy,40,0,0.4760,13,399,0,2.5579538487363607e-13
bankruptcy,40,1,0.3922,12,374,0,7.283063041541027e-14
bankruptcy,40,2,0.6766,24,542,0,2.2737367544323206e-13
bankruptcy,70,0,1.5301,6,387,0,8.917311333789257e-13
bankruptcy,70,1,1.3604,7,458,0,2.020605904817785e-13
bankruptcy,70,2,25.5670,37,1389,0,4.476419235288631e-13
bankruptcy,100,0,4.8645,8,754,0,5.697664562376303e-13
bankruptcy,100,1,14.9833,21,1651,0,2.255973186038318e-13
bankruptcy,100,2,14.6571,17,1416,0,1.163513729807164e-12
majority,9,0,0.0085,1,9,91,3.608224830031759e-16
majority,13,0,0.0791,1,13,468,7.494005416219807e-16
majority,17,0,0.5613,1,17,1273,1.0408340855860843e-15
majority,19,0,1.5466,1,19,2213,5.898059818321144e-16
majority,21,0,4.7423,1,21,3962,1.2559397966072083e-15
voting,10,0,0.0116,1,10,91,
voting,10,1,0.0107,1,10,89,
voting,15,0,0.1740,1,15,552,
voting,15,1,0.1743,1,15,479,
voting,20,0,2.2617,1,20,2327,
voting,20,1,1.6012,1,20,1874,
voting,25,0,13.4005,1,25,5622,
voting,25,1,15.5832,1,25,6280,
