type,n,seed,method,seconds,lp_solves,rows_added,iterations,verified,violation,error
1,17,0,nucleolus,0.199974,20,381,2,true,2.5011104298755527e-12,
1,17,0,kernel,0.056401,0,0,93,true,7.994035513547715e-7,
1,18,0,nucleolus,0.226262,20,313,2,true,4.547473508864641e-13,
1,18,0,kernel,0.554631,0,0,204,true,1.7842326087702531e-6,
1,19,0,nucleolus,0.329174,24,113,3,true,1.4097167877480388e-11,
1,19,0,kernel,12.643100,0,0,2317,true,1.632463408896001e-6,
1,20,0,nucleolus,0.646455,21,537,1,true,6.821210263296962e-13,
1,20,0,kernel,1.846236,0,0,158,true,1.2726586646749638e-6,
1,21,0,nucleolus,1.020322,21,444,1,true,9.094947017729282e-13,
1,21,0,kernel,3.543739,0,0,122,true,2.0934551230311627e-6,
1,22,0,nucleolus,2.252720,23,440,1,true,1.5916157281026244e-12,
1,22,0,kernel,4.539485,0,0,59,true,1.7556278635311173e-6,
2,17,0,nucleolus,0.099779,19,210,2,true,4.320099833421409e-12,
2,17,0,kernel,0.185663,0,0,320,true,7.848701670809533e-7,
2,18,0,nucleolus,0.165501,20,218,2,true,2.3078428057488054e-11,
2,18,0,kernel,0.394897,0,0,273,true,6.623431545449421e-7,
2,19,0,nucleolus,0.469148,30,199,5,true,4.092726157978177e-12,
2,19,0,kernel,1.628297,0,0,538,true,7.253663625306217e-7,
2,20,0,nucleolus,0.420513,21,213,1,true,4.547473508864641e-13,
2,20,0,kernel,1.542251,0,0,229,true,8.746682169658015e-7,
2,21,0,nucleolus,1.092345,23,270,2,true,1.1368683772161603e-13,
2,21,0,kernel,5.564306,0,0,177,true,9.162756668956717e-7,
2,22,0,nucleolus,4.812849,35,367,5,true,1.7053025658242404e-12,
2,22,0,kernel,21.937759,0,0,294,true,9.043915270012803e-7,
3,17,0,nucleolus,0.054170,17,107,1,true,4.440892098500626e-16,
3,17,0,kernel,0.000591,0,0,0,true,0e0,
3,18,0,nucleolus,0.095500,18,133,1,true,6.661338147750939e-16,
3,18,0,kernel,0.001553,0,0,0,true,0e0,
3,19,0,nucleolus,0.168471,19,133,1,true,7.771561172376096e-16,
3,19,0,kernel,0.003439,0,0,0,true,0e0,
3,20,0,nucleolus,0.375298,20,145,1,true,4.440892098500626e-16,
3,20,0,kernel,0.007003,0,0,0,true,0e0,
3,21,0,nucleolus,0.740125,21,168,1,true,1.2212453270876722e-15,
3,21,0,kernel,0.034114,0,0,0,true,0e0,
3,22,0,nucleolus,1.814988,22,196,1,true,7.771561172376096e-16,
3,22,0,kernel,0.071283,0,0,0,true,0e0,
4,17,0,nucleolus,0.061275,17,148,1,true,2.4868995751603507e-14,
4,17,0,kernel,0.112235,0,0,170,true,1.518112924259185e-8,
4,18,0,nucleolus,0.155995,25,178,2,true,3.552713678800501e-15,
4,18,0,kernel,0.362307,0,0,247,true,1.743378064134049e-8,
4,19,0,nucleolus,0.260675,21,176,2,true,5.684341886080802e-14,
4,19,0,kernel,0.605985,0,0,184,true,1.4389733848929609e-8,
4,20,0,nucleolus,0.768131,29,201,4,true,1.1723955140041653e-13,
4,20,0,kernel,2.387411,0,0,357,true,1.8562097636731778e-8,
4,21,0,nucleolus,0.817357,21,268,1,true,2.842170943040401e-14,
4,21,0,kernel,5.751376,0,0,183,true,1.7308806832261325e-8,
4,22,0,nucleolus,3.293349,27,287,3,true,6.750155989720952e-14,
4,22,0,kernel,20.236157,0,0,277,true,2.0532532118977542e-8,
5,17,0,nucleolus,0.051954,22,0,2,true,5.551115123125783e-17,
5,17,0,kernel,0.139775,0,0,54,true,7.669715140767863e-10,
5,18,0,nucleolus,0.104466,23,0,2,true,5.551115123125783e-17,
5,18,0,kernel,0.400895,0,0,53,true,8.278422947149977e-10,
5,19,0,nucleolus,0.225449,24,0,2,true,5.551115123125783e-17,
5,19,0,kernel,1.171148,0,0,58,true,6.86237677793855e-10,
5,20,0,nucleolus,0.402427,25,0,2,true,5.551115123125783e-17,
5,20,0,kernel,3.127865,0,0,55,true,5.58793539218172e-10,
5,21,0,nucleolus,1.064054,26,0,2,true,5.551115123125783e-17,
5,21,0,kernel,7.300631,0,0,58,true,7.095791176858768e-10,
5,22,0,nucleolus,2.517416,27,0,2,true,5.551115123125783e-17,
5,22,0,kernel,21.004084,0,0,64,true,9.577806048266524e-10,
