class,n,seed,convex,outcome,detail,in_prekernel,distance_nucleolus,distance_prenucleolus,sweeps,seconds
convex,4,0,true,certified,,true,3.547e-10,3.547e-10,10,0.0001
convex,4,1,true,certified,,true,5.021e-17,5.021e-17,14,0.0001
convex,4,2,true,certified,,true,1.052e-16,5.261e-17,13,0.0001
convex,4,3,true,certified,,true,2.884e-17,5.768e-17,15,0.0001
convex,4,4,true,certified,,true,4.770e-17,4.770e-17,14,0.0001
convex,4,5,true,certified,,true,2.986e-17,5.973e-17,13,0.0001
convex,4,6,true,certified,,true,4.626e-10,4.626e-10,10,0.0001
convex,4,7,true,certified,,true,2.902e-17,2.902e-17,14,0.0001
convex,4,8,true,certified,,true,5.995e-17,5.995e-17,15,0.0001
convex,4,9,true,certified,,true,5.358e-17,5.358e-17,14,0.0001
bnf1,4,0,false,certified,,true,4.072e-10,4.072e-10,11,0.0001
bnf1,4,1,false,error,limit,,,,0,0.0108
bnf1,4,2,false,error,limit,,,,0,0.0093
bnf1,4,3,false,error,limit,,,,0,0.0114
bnf1,4,4,false,error,limit,,,,0,0.0127
bnf1,4,5,false,refuted,not_nucleolus,false,2.242e-2,2.242e-2,3,0.0000
bnf1,4,6,false,error,limit,,,,0,0.0096
bnf1,4,7,false,error,limit,,,,0,0.0113
bnf1,4,8,false,error,limit,,,,0,0.0142
bnf1,4,9,false,error,limit,,,,0,0.0102
bnf2,4,0,false,refuted,not_imputation,true,1.927e-1,5.083e-10,23,0.0001
bnf2,4,1,false,error,limit,,,,0,0.0093
bnf2,4,2,false,error,limit,,,,0,0.0095
bnf2,4,3,false,error,limit,,,,0,0.0096
bnf2,4,4,false,error,limit,,,,0,0.0093
bnf2,4,5,false,refuted,not_imputation,true,2.224e-1,7.821e-11,21,0.0001
bnf2,4,6,false,error,limit,,,,0,0.0138
bnf2,4,7,false,error,limit,,,,0,0.0109
bnf2,4,8,false,error,limit,,,,0,0.0147
bnf2,4,9,false,error,limit,,,,0,0.0115
bnf4,4,0,false,error,limit,,,,0,0.0100
bnf4,4,1,false,refuted,not_imputation,true,8.333e-2,2.585e-10,18,0.0001
bnf4,4,2,false,error,limit,,,,0,0.0101
bnf4,4,3,false,error,limit,,,,0,0.0099
bnf4,4,4,false,error,limit,,,,0,0.0105
bnf4,4,5,false,error,limit,,,,0,0.0094
bnf4,4,6,false,error,limit,,,,0,0.0099
bnf4,4,7,false,error,limit,,,,0,0.0105
bnf4,4,8,false,error,limit,,,,0,0.0095
bnf4,4,9,false,error,limit,,,,0,0.0094
superadditive,4,0,true,certified,,true,4.967e-10,4.967e-10,8,0.0000
superadditive,4,1,false,refuted,not_nucleolus,false,3.614e-2,3.614e-2,4,0.0000
superadditive,4,2,true,certified,,true,0.000e0,5.956e-17,14,0.0001
superadditive,4,3,false,error,limit,,,,0,0.0100
superadditive,4,4,false,certified,,true,4.477e-10,4.477e-10,8,0.0001
superadditive,4,5,false,certified,,true,5.815e-17,2.907e-17,3,0.0000
superadditive,4,6,false,certified,,true,6.526e-17,6.526e-17,3,0.0000
superadditive,4,7,false,certified,,true,1.193e-16,2.983e-17,3,0.0000
superadditive,4,8,false,certified,,true,3.449e-17,6.897e-17,4,0.0000
superadditive,4,9,true,certified,,true,5.097e-10,5.097e-10,11,0.0001
voting,4,0,false,certified,,true,6.209e-10,6.209e-10,9,0.0001
voting,4,1,false,certified,,true,4.003e-10,4.003e-10,21,0.0001
voting,4,2,false,certified,,true,6.209e-10,6.209e-10,7,0.0000
voting,4,3,false,certified,,true,6.209e-10,6.209e-10,9,0.0001
voting,4,4,false,certified,,true,6.209e-10,6.209e-10,11,0.0001
voting,4,5,false,certified,,true,6.209e-10,6.209e-10,12,0.0001
voting,4,6,false,certified,,true,4.186e-10,4.186e-10,16,0.0001
voting,4,7,false,certified,,true,3.881e-10,3.881e-10,12,0.0001
voting,4,8,false,certified,,true,6.209e-10,6.209e-10,7,0.0000
voting,4,9,false,certified,,true,6.209e-10,6.209e-10,11,0.0001
convex,5,0,true,certified,,true,4.414e-10,4.414e-10,17,0.0003
convex,5,1,true,certified,,true,4.522e-10,4.522e-10,18,0.0004
convex,5,2,true,certified,,true,4.724e-10,4.724e-10,18,0.0003
convex,5,3,true,certified,,true,4.688e-10,4.688e-10,18,0.0003
convex,5,4,true,certified,,true,5.120e-10,5.120e-10,16,0.0002
convex,5,5,true,certified,,true,4.462e-10,4.462e-10,18,0.0003
convex,5,6,true,certified,,true,4.744e-10,4.744e-10,18,0.0005
convex,5,7,true,certified,,true,4.872e-10,4.872e-10,17,0.0003
convex,5,8,true,certified,,true,5.089e-10,5.089e-10,16,0.0002
convex,5,9,true,certified,,true,4.913e-10,4.913e-10,17,0.0003
bnf1,5,0,false,error,limit,,,,0,0.0247
bnf1,5,1,false,error,numerical,,,,0,0.0000
bnf1,5,2,false,error,limit,,,,0,0.0357
bnf1,5,3,false,error,limit,,,,0,0.0297
bnf1,5,4,false,error,numerical,,,,0,0.0000
bnf1,5,5,false,error,numerical,,,,0,0.0000
bnf1,5,6,false,error,limit,,,,0,0.0230
bnf1,5,7,false,error,limit,,,,0,0.0329
bnf1,5,8,false,error,limit,,,,0,0.0263
bnf1,5,9,false,error,limit,,,,0,0.0252
bnf2,5,0,false,error,limit,,,,0,0.0249
bnf2,5,1,false,error,limit,,,,0,0.0264
bnf2,5,2,false,error,limit,,,,0,0.0242
bnf2,5,3,false,error,limit,,,,0,0.0237
bnf2,5,4,false,error,limit,,,,0,0.0235
bnf2,5,5,false,error,limit,,,,0,0.0225
bnf2,5,6,false,error,numerical,,,,0,0.0000
bnf2,5,7,false,error,limit,,,,0,0.0221
bnf2,5,8,false,error,limit,,,,0,0.0309
bnf2,5,9,false,error,limit,,,,0,0.0304
bnf4,5,0,false,error,limit,,,,0,0.0239
bnf4,5,1,false,error,limit,,,,0,0.0269
bnf4,5,2,false,error,limit,,,,0,0.0230
bnf4,5,3,false,error,numerical,,,,0,0.0000
bnf4,5,4,false,error,limit,,,,0,0.0220
bnf4,5,5,false,error,limit,,,,0,0.0213
bnf4,5,6,false,error,limit,,,,0,0.0204
bnf4,5,7,false,error,limit,,,,0,0.0231
bnf4,5,8,false,error,limit,,,,0,0.0238
bnf4,5,9,false,error,limit,,,,0,0.0186
superadditive,5,0,false,error,limit,,,,0,0.0374
superadditive,5,1,false,error,numerical,,,,0,0.0000
superadditive,5,2,false,error,limit,,,,0,0.0408
superadditive,5,3,false,error,limit,,,,0,0.0377
superadditive,5,4,false,error,limit,,,,0,0.0347
superadditive,5,5,false,certified,,true,5.280e-10,5.280e-10,10,0.0003
superadditive,5,6,false,error,limit,,,,0,0.0298
superadditive,5,7,false,error,numerical,,,,0,0.0000
superadditive,5,8,false,error,limit,,,,0,0.0387
superadditive,5,9,false,certified,,true,3.811e-10,3.811e-10,7,0.0001
voting,5,0,false,error,limit,,,,0,0.0285
voting,5,1,false,error,limit,,,,0,0.0265
voting,5,2,false,certified,,true,1.381e-10,1.381e-10,13,0.0002
voting,5,3,false,certified,,true,3.699e-10,3.699e-10,10,0.0001
voting,5,4,false,refuted,not_nucleolus,false,1.111e-1,1.111e-1,11,0.0002
voting,5,5,false,certified,,true,4.980e-10,4.980e-10,19,0.0003
voting,5,6,false,error,limit,,,,0,0.0337
voting,5,7,false,certified,,true,5.369e-10,5.369e-10,19,0.0003
voting,5,8,false,error,limit,,,,0,0.0299
voting,5,9,false,certified,,true,5.261e-10,5.261e-10,25,0.0004
convex,6,0,true,certified,,true,1.111e-16,1.111e-16,21,0.0006
convex,6,1,true,certified,,true,2.645e-17,7.935e-17,19,0.0006
convex,6,2,true,certified,,true,8.577e-17,1.429e-16,20,0.0007
convex,6,3,true,certified,,true,5.565e-17,5.565e-17,21,0.0006
convex,6,4,true,certified,,true,7.604e-17,7.604e-17,20,0.0016
convex,6,5,true,certified,,true,8.332e-17,8.332e-17,16,0.0005
convex,6,6,true,certified,,true,1.429e-16,2.859e-17,18,0.0006
convex,6,7,true,certified,,true,2.844e-17,0.000e0,19,0.0006
convex,6,8,true,certified,,true,9.545e-17,9.545e-17,21,0.0006
convex,6,9,true,certified,,true,2.844e-17,2.844e-17,21,0.0008
bnf1,6,0,false,error,numerical,,,,0,0.0000
bnf1,6,1,false,error,numerical,,,,0,0.0001
bnf1,6,2,false,error,numerical,,,,0,0.0000
bnf1,6,3,false,error,numerical,,,,0,0.0001
bnf1,6,4,false,error,numerical,,,,0,0.0000
bnf1,6,5,false,error,numerical,,,,0,0.0000
bnf1,6,6,false,error,numerical,,,,0,0.0001
bnf1,6,7,false,error,numerical,,,,0,0.0000
bnf1,6,8,false,error,numerical,,,,0,0.0002
bnf1,6,9,false,error,numerical,,,,0,0.0001
bnf2,6,0,false,error,limit,,,,0,0.0704
bnf2,6,1,false,error,numerical,,,,0,0.0001
bnf2,6,2,false,error,numerical,,,,0,0.0000
bnf2,6,3,false,error,numerical,,,,0,0.0000
bnf2,6,4,false,error,numerical,,,,0,0.0000
bnf2,6,5,false,error,numerical,,,,0,0.0001
bnf2,6,6,false,error,numerical,,,,0,0.0000
bnf2,6,7,false,error,numerical,,,,0,0.0000
bnf2,6,8,false,error,numerical,,,,0,0.0000
bnf2,6,9,false,error,numerical,,,,0,0.0001
bnf4,6,0,false,error,numerical,,,,0,0.0000
bnf4,6,1,false,error,numerical,,,,0,0.0002
bnf4,6,2,false,error,limit,,,,0,0.0489
bnf4,6,3,false,error,numerical,,,,0,0.0001
bnf4,6,4,false,error,numerical,,,,0,0.0000
bnf4,6,5,false,error,limit,,,,0,0.0402
bnf4,6,6,false,error,numerical,,,,0,0.0002
bnf4,6,7,false,error,limit,,,,0,0.0514
bnf4,6,8,false,error,limit,,,,0,0.0557
bnf4,6,9,false,error,numerical,,,,0,0.0001
superadditive,6,0,false,error,numerical,,,,0,0.0000
superadditive,6,1,false,error,numerical,,,,0,0.0000
superadditive,6,2,false,error,numerical,,,,0,0.0000
superadditive,6,3,false,error,limit,,,,0,0.0883
superadditive,6,4,false,error,numerical,,,,0,0.0000
superadditive,6,5,false,error,numerical,,,,0,0.0000
superadditive,6,6,false,error,limit,,,,0,0.0943
superadditive,6,7,false,error,numerical,,,,0,0.0000
superadditive,6,8,false,error,numerical,,,,0,0.0000
superadditive,6,9,false,error,limit,,,,0,0.0779
voting,6,0,false,error,limit,,,,0,0.0497
voting,6,1,false,certified,,true,7.429e-10,7.429e-10,51,0.0017
voting,6,2,false,refuted,not_nucleolus,false,3.571e-2,3.571e-2,2,0.0001
voting,6,3,false,error,limit,,,,0,0.0678
voting,6,4,false,error,limit,,,,0,0.0625
voting,6,5,false,error,limit,,,,0,0.0598
voting,6,6,false,error,limit,,,,0,0.0648
voting,6,7,false,error,limit,,,,0,0.0745
voting,6,8,false,certified,,true,6.262e-10,6.262e-10,15,0.0006
voting,6,9,false,certified,,true,6.105e-10,6.105e-10,42,0.0012
convex,7,0,true,certified,,true,4.003e-10,4.003e-10,21,0.0010
convex,7,1,true,certified,,true,5.848e-10,5.848e-10,20,0.0010
convex,7,2,true,certified,,true,5.860e-10,5.860e-10,22,0.0010
convex,7,3,true,certified,,true,3.955e-10,3.955e-10,22,0.0011
convex,7,4,true,certified,,true,4.103e-10,4.103e-10,23,0.0012
convex,7,5,true,certified,,true,4.075e-10,4.075e-10,22,0.0010
convex,7,6,true,certified,,true,5.860e-10,5.860e-10,19,0.0009
convex,7,7,true,certified,,true,4.142e-10,4.142e-10,18,0.0011
convex,7,8,true,certified,,true,3.984e-10,3.984e-10,22,0.0012
convex,7,9,true,certified,,true,4.015e-10,4.015e-10,23,0.0013
bnf1,7,0,false,error,numerical,,,,0,0.0000
bnf1,7,1,false,error,numerical,,,,0,0.0000
bnf1,7,2,false,error,numerical,,,,0,0.0000
bnf1,7,3,false,error,numerical,,,,0,0.0001
bnf1,7,4,false,error,numerical,,,,0,0.0001
bnf1,7,5,false,error,numerical,,,,0,0.0000
bnf1,7,6,false,error,numerical,,,,0,0.0002
bnf1,7,7,false,error,numerical,,,,0,0.0000
bnf1,7,8,false,error,numerical,,,,0,0.0000
bnf1,7,9,false,error,numerical,,,,0,0.0001
bnf2,7,0,false,error,numerical,,,,0,0.0000
bnf2,7,1,false,error,numerical,,,,0,0.0000
bnf2,7,2,false,error,numerical,,,,0,0.0000
bnf2,7,3,false,error,numerical,,,,0,0.0000
bnf2,7,4,false,error,limit,,,,0,0.1147
bnf2,7,5,false,error,numerical,,,,0,0.0001
bnf2,7,6,false,error,numerical,,,,0,0.0000
bnf2,7,7,false,error,numerical,,,,0,0.0002
bnf2,7,8,false,error,numerical,,,,0,0.0000
bnf2,7,9,false,error,numerical,,,,0,0.0002
bnf4,7,0,false,error,numerical,,,,0,0.0004
bnf4,7,1,false,error,numerical,,,,0,0.0000
bnf4,7,2,false,error,numerical,,,,0,0.0000
bnf4,7,3,false,error,numerical,,,,0,0.0000
bnf4,7,4,false,error,numerical,,,,0,0.0001
bnf4,7,5,false,error,numerical,,,,0,0.0001
bnf4,7,6,false,error,numerical,,,,0,0.0001
bnf4,7,7,false,error,numerical,,,,0,0.0000
bnf4,7,8,false,error,numerical,,,,0,0.0001
bnf4,7,9,false,error,numerical,,,,0,0.0003
superadditive,7,0,false,error,numerical,,,,0,0.0019
superadditive,7,1,false,error,numerical,,,,0,0.0001
superadditive,7,2,false,error,numerical,,,,0,0.0001
superadditive,7,3,false,error,numerical,,,,0,0.0000
superadditive,7,4,false,error,numerical,,,,0,0.0000
superadditive,7,5,false,error,numerical,,,,0,0.0000
superadditive,7,6,false,error,numerical,,,,0,0.0001
superadditive,7,7,false,error,numerical,,,,0,0.0000
superadditive,7,8,false,error,numerical,,,,0,0.0001
superadditive,7,9,false,error,numerical,,,,0,0.0000
voting,7,0,false,error,limit,,,,0,0.1116
voting,7,1,false,error,limit,,,,0,0.1167
voting,7,2,false,certified,,true,4.368e-10,4.368e-10,16,0.0011
voting,7,3,false,error,limit,,,,0,0.1437
voting,7,4,false,error,limit,,,,0,0.1533
voting,7,5,false,error,limit,,,,0,0.1401
voting,7,6,false,error,limit,,,,0,0.1258
voting,7,7,false,error,limit,,,,0,0.1484
voting,7,8,false,error,limit,,,,0,0.1611
voting,7,9,false,certified,,true,5.395e-10,5.395e-10,23,0.0014
convex,8,0,true,certified,,true,5.480e-17,1.644e-16,25,0.0026
convex,8,1,true,certified,,true,1.138e-16,1.138e-16,23,0.0021
convex,8,2,true,certified,,true,9.787e-17,9.787e-17,24,0.0024
convex,8,3,true,certified,,true,1.415e-16,1.415e-16,19,0.0019
convex,8,4,true,certified,,true,7.094e-17,7.094e-17,25,0.0024
convex,8,5,true,certified,,true,5.298e-17,5.298e-17,23,0.0023
convex,8,6,true,certified,,true,5.564e-17,5.564e-17,24,0.0024
convex,8,7,true,certified,,true,5.532e-17,5.532e-17,23,0.0023
convex,8,8,true,certified,,true,8.026e-17,2.140e-16,20,0.0021
convex,8,9,true,certified,,true,5.465e-17,1.093e-16,26,0.0026
bnf1,8,0,false,error,numerical,,,,0,0.0000
bnf1,8,1,false,error,numerical,,,,0,0.0000
bnf1,8,2,false,error,numerical,,,,0,0.0000
bnf1,8,3,false,error,numerical,,,,0,0.0000
bnf1,8,4,false,error,numerical,,,,0,0.0001
bnf1,8,5,false,error,numerical,,,,0,0.0000
bnf1,8,6,false,error,numerical,,,,0,0.0001
bnf1,8,7,false,error,numerical,,,,0,0.0000
bnf1,8,8,false,error,numerical,,,,0,0.0001
bnf1,8,9,false,error,numerical,,,,0,0.0000
bnf2,8,0,false,error,numerical,,,,0,0.0001
bnf2,8,1,false,error,numerical,,,,0,0.0000
bnf2,8,2,false,error,numerical,,,,0,0.0001
bnf2,8,3,false,error,numerical,,,,0,0.0001
bnf2,8,4,false,error,numerical,,,,0,0.0001
bnf2,8,5,false,error,numerical,,,,0,0.0002
bnf2,8,6,false,error,numerical,,,,0,0.0000
bnf2,8,7,false,error,numerical,,,,0,0.0000
bnf2,8,8,false,error,numerical,,,,0,0.0001
bnf2,8,9,false,error,numerical,,,,0,0.0000
bnf4,8,0,false,error,numerical,,,,0,0.0000
bnf4,8,1,false,error,numerical,,,,0,0.0000
bnf4,8,2,false,error,numerical,,,,0,0.0001
bnf4,8,3,false,error,numerical,,,,0,0.0000
bnf4,8,4,false,error,numerical,,,,0,0.0000
bnf4,8,5,false,error,numerical,,,,0,0.0000
bnf4,8,6,false,error,numerical,,,,0,0.0001
bnf4,8,7,false,error,numerical,,,,0,0.0000
bnf4,8,8,false,error,numerical,,,,0,0.0003
bnf4,8,9,false,error,numerical,,,,0,0.0001
superadditive,8,0,false,error,numerical,,,,0,0.0000
superadditive,8,1,false,error,numerical,,,,0,0.0001
superadditive,8,2,false,error,numerical,,,,0,0.0001
superadditive,8,3,false,error,numerical,,,,0,0.0001
superadditive,8,4,false,error,numerical,,,,0,0.0000
superadditive,8,5,false,error,numerical,,,,0,0.0000
superadditive,8,6,false,error,numerical,,,,0,0.0001
superadditive,8,7,false,error,numerical,,,,0,0.0000
superadditive,8,8,false,error,numerical,,,,0,0.0000
superadditive,8,9,false,error,numerical,,,,0,0.0001
voting,8,0,false,refuted,not_nucleolus,false,6.349e-2,6.349e-2,31,0.0027
voting,8,1,false,error,limit,,,,0,0.3355
voting,8,2,false,refuted,not_nucleolus,false,7.692e-2,7.692e-2,16,0.0016
voting,8,3,false,error,limit,,,,0,0.2441
voting,8,4,false,error,limit,,,,0,0.4951
voting,8,5,false,error,limit,,,,0,0.4808
voting,8,6,false,refuted,not_nucleolus,false,5.051e-2,5.051e-2,16,0.0029
voting,8,7,false,error,limit,,,,0,0.3126
voting,8,8,false,error,limit,,,,0,0.2961
voting,8,9,false,error,limit,,,,0,0.2623
convex,9,0,true,certified,,true,4.192e-10,4.192e-10,26,0.0045
convex,9,1,true,certified,,true,4.211e-10,4.211e-10,25,0.0042
convex,9,2,true,certified,,true,4.141e-10,4.141e-10,22,0.0032
convex,9,3,true,certified,,true,4.223e-10,4.223e-10,22,0.0037
convex,9,4,true,certified,,true,4.499e-10,4.499e-10,26,0.0038
convex,9,5,true,certified,,true,4.131e-10,4.131e-10,24,0.0042
convex,9,6,true,certified,,true,4.198e-10,4.198e-10,26,0.0038
convex,9,7,true,certified,,true,4.120e-10,4.120e-10,21,0.0035
convex,9,8,true,certified,,true,4.185e-10,4.185e-10,23,0.0037
convex,9,9,true,certified,,true,4.148e-10,4.148e-10,26,0.0048
bnf1,9,0,false,error,numerical,,,,0,0.0001
bnf1,9,1,false,error,numerical,,,,0,0.0002
bnf1,9,2,false,error,numerical,,,,0,0.0002
bnf1,9,3,false,error,numerical,,,,0,0.0001
bnf1,9,4,false,error,numerical,,,,0,0.0001
bnf1,9,5,false,error,numerical,,,,0,0.0000
bnf1,9,6,false,error,numerical,,,,0,0.0000
bnf1,9,7,false,error,numerical,,,,0,0.0001
bnf1,9,8,false,error,numerical,,,,0,0.0001
bnf1,9,9,false,error,numerical,,,,0,0.0001
bnf2,9,0,false,error,numerical,,,,0,0.0001
bnf2,9,1,false,error,numerical,,,,0,0.0001
bnf2,9,2,false,error,numerical,,,,0,0.0000
bnf2,9,3,false,error,numerical,,,,0,0.0001
bnf2,9,4,false,error,numerical,,,,0,0.0000
bnf2,9,5,false,error,numerical,,,,0,0.0001
bnf2,9,6,false,error,numerical,,,,0,0.0001
bnf2,9,7,false,error,numerical,,,,0,0.0001
bnf2,9,8,false,error,numerical,,,,0,0.0001
bnf2,9,9,false,error,numerical,,,,0,0.0000
bnf4,9,0,false,error,numerical,,,,0,0.0000
bnf4,9,1,false,error,numerical,,,,0,0.0000
bnf4,9,2,false,error,numerical,,,,0,0.0000
bnf4,9,3,false,error,numerical,,,,0,0.0001
bnf4,9,4,false,error,numerical,,,,0,0.0000
bnf4,9,5,false,error,numerical,,,,0,0.0001
bnf4,9,6,false,error,numerical,,,,0,0.0001
bnf4,9,7,false,error,numerical,,,,0,0.0002
bnf4,9,8,false,error,numerical,,,,0,0.0000
bnf4,9,9,false,error,numerical,,,,0,0.0000
superadditive,9,0,false,error,numerical,,,,0,0.0004
superadditive,9,1,false,error,numerical,,,,0,0.0001
superadditive,9,2,false,error,numerical,,,,0,0.0001
superadditive,9,3,false,error,numerical,,,,0,0.0000
superadditive,9,4,false,error,numerical,,,,0,0.0000
superadditive,9,5,false,error,numerical,,,,0,0.0001
superadditive,9,6,false,error,numerical,,,,0,0.0000
superadditive,9,7,false,error,numerical,,,,0,0.0002
superadditive,9,8,false,error,numerical,,,,0,0.0002
superadditive,9,9,false,error,numerical,,,,0,0.0000
voting,9,0,false,error,limit,,,,0,0.4139
voting,9,1,false,error,limit,,,,0,0.6067
voting,9,2,false,certified,,true,5.931e-10,5.931e-10,23,0.0067
voting,9,3,false,error,limit,,,,0,0.4384
voting,9,4,false,error,limit,,,,0,0.5350
voting,9,5,false,error,limit,,,,0,0.4776
voting,9,6,false,error,limit,,,,0,0.3469
voting,9,7,false,error,limit,,,,0,0.4864
voting,9,8,false,error,limit,,,,0,0.5511
voting,9,9,false,error,limit,,,,0,0.4275
convex,10,0,true,certified,,true,2.815e-17,1.830e-16,28,0.0058
convex,10,1,true,certified,,true,2.887e-17,2.887e-17,27,0.0054
convex,10,2,true,certified,,true,5.535e-17,9.686e-17,19,0.0038
convex,10,3,true,certified,,true,2.783e-17,5.566e-17,24,0.0048
convex,10,4,true,certified,,true,1.093e-16,1.093e-16,25,0.0052
convex,10,5,true,certified,,true,5.577e-17,8.365e-17,26,0.0055
convex,10,6,true,certified,,true,9.629e-17,9.629e-17,27,0.0054
convex,10,7,true,certified,,true,9.930e-17,9.930e-17,24,0.0047
convex,10,8,true,certified,,true,2.753e-17,2.753e-17,25,0.0052
convex,10,9,true,certified,,true,4.177e-17,1.392e-17,27,0.0053
bnf1,10,0,false,error,numerical,,,,0,0.0001
bnf1,10,1,false,error,numerical,,,,0,0.0002
bnf1,10,2,false,error,numerical,,,,0,0.0001
bnf1,10,3,false,error,numerical,,,,0,0.0002
bnf1,10,4,false,error,numerical,,,,0,0.0001
bnf1,10,5,false,error,numerical,,,,0,0.0000
bnf1,10,6,false,error,numerical,,,,0,0.0002
bnf1,10,7,false,error,numerical,,,,0,0.0001
bnf1,10,8,false,error,numerical,,,,0,0.0000
bnf1,10,9,false,error,numerical,,,,0,0.0001
bnf2,10,0,false,error,numerical,,,,0,0.0001
bnf2,10,1,false,error,numerical,,,,0,0.0001
bnf2,10,2,false,error,numerical,,,,0,0.0001
bnf2,10,3,false,error,numerical,,,,0,0.0000
bnf2,10,4,false,error,numerical,,,,0,0.0001
bnf2,10,5,false,error,numerical,,,,0,0.0000
bnf2,10,6,false,error,numerical,,,,0,0.0000
bnf2,10,7,false,error,numerical,,,,0,0.0001
bnf2,10,8,false,error,numerical,,,,0,0.0000
bnf2,10,9,false,error,numerical,,,,0,0.0000
bnf4,10,0,false,error,numerical,,,,0,0.0000
bnf4,10,1,false,error,numerical,,,,0,0.0000
bnf4,10,2,false,error,numerical,,,,0,0.0000
bnf4,10,3,false,error,numerical,,,,0,0.0000
bnf4,10,4,false,error,numerical,,,,0,0.0000
bnf4,10,5,false,error,numerical,,,,0,0.0001
bnf4,10,6,false,error,numerical,,,,0,0.0001
bnf4,10,7,false,error,numerical,,,,0,0.0000
bnf4,10,8,false,error,numerical,,,,0,0.0000
bnf4,10,9,false,error,numerical,,,,0,0.0000
superadditive,10,0,false,error,numerical,,,,0,0.0002
superadditive,10,1,false,error,numerical,,,,0,0.0001
superadditive,10,2,false,error,numerical,,,,0,0.0002
superadditive,10,3,false,error,numerical,,,,0,0.0000
superadditive,10,4,false,error,numerical,,,,0,0.0000
superadditive,10,5,false,error,numerical,,,,0,0.0000
superadditive,10,6,false,error,numerical,,,,0,0.0001
superadditive,10,7,false,error,numerical,,,,0,0.0000
superadditive,10,8,false,error,numerical,,,,0,0.0001
superadditive,10,9,false,error,numerical,,,,0,0.0001
voting,10,0,false,error,limit,,,,0,0.6592
voting,10,1,false,error,limit,,,,0,0.8793
voting,10,2,false,refuted,not_nucleolus,true,1.426e-2,1.426e-2,37,0.0145
voting,10,3,false,error,limit,,,,0,0.8073
voting,10,4,false,error,limit,,,,0,0.7764
voting,10,5,false,error,limit,,,,0,0.7459
voting,10,6,false,error,limit,,,,0,0.7637
voting,10,7,false,error,limit,,,,0,0.7995
voting,10,8,false,error,limit,,,,0,0.8020
voting,10,9,false,error,limit,,,,0,0.7725
