type,n,seed,pairs,evaluations,relative_error
1,10,0,25,71,0.040170
1,10,0,50,117,0.059309
1,10,0,100,197,0.072264
1,10,0,200,345,0.020177
1,10,0,400,565,0.010850
1,10,0,800,825,0.010096
1,10,0,1600,967,0.000000
1,10,1,25,65,0.111678
1,10,1,50,111,0.058019
1,10,1,100,191,0.031005
1,10,1,200,335,0.022798
1,10,1,400,569,0.019882
1,10,1,800,819,0.002435
1,10,1,1600,979,0.000000
1,10,2,25,71,0.173073
1,10,2,50,117,0.064177
1,10,2,100,201,0.036740
1,10,2,200,335,0.067053
1,10,2,400,531,0.036996
1,10,2,800,809,0.037855
1,10,2,1600,977,0.035836
1,10,3,25,67,0.139237
1,10,3,50,113,0.047085
1,10,3,100,201,0.046030
1,10,3,200,357,0.037418
1,10,3,400,573,0.016881
1,10,3,800,827,0.002091
1,10,3,1600,987,0.000000
1,10,4,25,69,0.064156
1,10,4,50,115,0.043182
1,10,4,100,203,0.058961
1,10,4,200,355,0.033160
1,10,4,400,577,0.027203
1,10,4,800,795,0.006462
1,10,4,1600,977,0.000000
1,12,0,25,73,0.096989
1,12,0,50,123,0.057617
1,12,0,100,217,0.041917
1,12,0,200,405,0.019824
1,12,0,400,765,0.009792
1,12,0,800,1385,0.011408
1,12,0,1600,2239,0.007392
1,12,1,25,73,0.065853
1,12,1,50,123,0.044607
1,12,1,100,223,0.048195
1,12,1,200,399,0.031065
1,12,1,400,731,0.029782
1,12,1,800,1327,0.030328
1,12,1,1600,2255,0.015053
1,12,2,25,75,0.145764
1,12,2,50,125,0.065492
1,12,2,100,221,0.047373
1,12,2,200,401,0.029153
1,12,2,400,735,0.031576
1,12,2,800,1325,0.014849
1,12,2,1600,2227,0.011170
1,12,3,25,73,0.116291
1,12,3,50,121,0.099123
1,12,3,100,217,0.048779
1,12,3,200,393,0.037983
1,12,3,400,731,0.033130
1,12,3,800,1345,0.022243
1,12,3,1600,2247,0.013919
1,12,4,25,75,0.071783
1,12,4,50,125,0.057555
1,12,4,100,219,0.043093
1,12,4,200,403,0.018188
1,12,4,400,743,0.012579
1,12,4,800,1321,0.007778
1,12,4,1600,2233,0.004926
2,10,0,25,71,0.271274
2,10,0,50,117,0.220074
2,10,0,100,197,0.125481
2,10,0,200,345,0.102874
2,10,0,400,565,0.037778
2,10,0,800,825,0.008466
2,10,0,1600,967,0.000000
2,10,1,25,65,0.269364
2,10,1,50,111,0.193683
2,10,1,100,191,0.098710
2,10,1,200,335,0.055062
2,10,1,400,569,0.023031
2,10,1,800,819,0.018421
2,10,1,1600,979,0.000000
2,10,2,25,71,0.315000
2,10,2,50,117,0.155457
2,10,2,100,201,0.134973
2,10,2,200,335,0.066810
2,10,2,400,531,0.050213
2,10,2,800,809,0.032357
2,10,2,1600,977,0.018390
2,10,3,25,67,0.291848
2,10,3,50,113,0.147382
2,10,3,100,201,0.106742
2,10,3,200,357,0.078182
2,10,3,400,573,0.068484
2,10,3,800,827,0.013227
2,10,3,1600,987,0.000000
2,10,4,25,69,0.243387
2,10,4,50,115,0.134717
2,10,4,100,203,0.108130
2,10,4,200,355,0.121806
2,10,4,400,577,0.106673
2,10,4,800,795,0.058117
2,10,4,1600,977,0.018344
2,12,0,25,73,0.291511
2,12,0,50,123,0.144793
2,12,0,100,217,0.128833
2,12,0,200,405,0.115867
2,12,0,400,765,0.128163
2,12,0,800,1385,0.075639
2,12,0,1600,2239,0.093414
2,12,1,25,73,0.276472
2,12,1,50,123,0.116771
2,12,1,100,223,0.150448
2,12,1,200,399,0.032657
2,12,1,400,731,0.029426
2,12,1,800,1327,0.014541
2,12,1,1600,2255,0.003218
2,12,2,25,75,0.362236
2,12,2,50,125,0.198539
2,12,2,100,221,0.199078
2,12,2,200,401,0.154861
2,12,2,400,735,0.076205
2,12,2,800,1325,0.087591
2,12,2,1600,2227,0.079029
2,12,3,25,73,0.280322
2,12,3,50,121,0.135808
2,12,3,100,217,0.079753
2,12,3,200,393,0.050638
2,12,3,400,731,0.027063
2,12,3,800,1345,0.033636
2,12,3,1600,2247,0.011913
2,12,4,25,75,0.358542
2,12,4,50,125,0.124514
2,12,4,100,219,0.129493
2,12,4,200,403,0.177593
2,12,4,400,743,0.070971
2,12,4,800,1321,0.076341
2,12,4,1600,2233,0.076650
4,10,0,25,71,0.232857
4,10,0,50,117,0.124725
4,10,0,100,197,0.044071
4,10,0,200,345,0.062745
4,10,0,400,565,0.036264
4,10,0,800,825,0.034286
4,10,0,1600,967,0.029464
4,10,1,25,65,0.558333
4,10,1,50,111,0.263889
4,10,1,100,191,0.093791
4,10,1,200,335,0.055556
4,10,1,400,569,0.004365
4,10,1,800,819,0.005556
4,10,1,1600,979,0.000000
4,10,2,25,71,0.181604
4,10,2,50,117,0.161740
4,10,2,100,201,0.051698
4,10,2,200,335,0.071462
4,10,2,400,531,0.038957
4,10,2,800,809,0.012913
4,10,2,1600,977,0.000000
4,10,3,25,67,0.479697
4,10,3,50,113,0.186667
4,10,3,100,201,0.160000
4,10,3,200,357,0.111053
4,10,3,400,573,0.143333
4,10,3,800,827,0.101667
4,10,3,1600,987,0.054667
4,10,4,25,69,0.364141
4,10,4,50,115,0.126136
4,10,4,100,203,0.125710
4,10,4,200,355,0.117424
4,10,4,400,577,0.038503
4,10,4,800,795,0.034091
4,10,4,1600,977,0.031948
4,12,0,25,73,0.202885
4,12,0,50,123,0.153193
4,12,0,100,217,0.091605
4,12,0,200,405,0.082187
4,12,0,400,765,0.051476
4,12,0,800,1385,0.040238
4,12,0,1600,2239,0.032051
4,12,1,25,73,0.439368
4,12,1,50,123,0.248039
4,12,1,100,223,0.111310
4,12,1,200,399,0.107759
4,12,1,400,731,0.074603
4,12,1,800,1327,0.066667
4,12,1,1600,2255,0.033333
4,12,2,25,75,0.225661
4,12,2,50,125,0.112190
4,12,2,100,221,0.093407
4,12,2,200,401,0.094684
4,12,2,400,735,0.037698
4,12,2,800,1325,0.028822
4,12,2,1600,2227,0.016351
4,12,3,25,73,0.389845
4,12,3,50,121,0.104885
4,12,3,100,217,0.192124
4,12,3,200,393,0.098606
4,12,3,400,731,0.088298
4,12,3,800,1345,0.062719
4,12,3,1600,2247,0.051707
4,12,4,25,75,0.231005
4,12,4,50,125,0.300272
4,12,4,100,219,0.104167
4,12,4,200,403,0.127976
4,12,4,400,743,0.091468
4,12,4,800,1321,0.062500
4,12,4,1600,2233,0.080357
